group,protein_heavy_atom_order,atom_index,rmsf_nm
PME,0,0,0.34898883
PME,1,1,0.26404992
PME,2,2,0.23739253
PME,3,3,0.25598112
PME,4,4,0.26382098
PME,5,12,0.22392936
PME,6,13,0.20723847
PME,7,14,0.19272539
PME,8,15,0.19970173
PME,9,16,0.20320706
PME,10,17,0.2459017
PME,11,18,0.29422593
PME,12,19,0.29727775
PME,13,24,0.1909086
PME,14,25,0.1913322
PME,15,26,0.164265
PME,16,27,0.16692784
PME,17,28,0.22713454
PME,18,29,0.23828071
PME,19,30,0.26770675
PME,20,31,0.3452817
PME,21,32,0.26747417
PME,22,41,0.16630538
PME,23,42,0.15779883
PME,24,43,0.1450686
PME,25,44,0.1320096
PME,26,45,0.17013691
PME,27,46,0.18356588
PME,28,47,0.22511126
PME,29,48,0.2124699
PME,30,60,0.15440781
PME,31,61,0.15046443
PME,32,62,0.13528
PME,33,63,0.12487063
PME,34,64,0.17964049
PME,35,65,0.20221195
PME,36,66,0.19606058
PME,37,74,0.1419021
PME,38,75,0.13854682
PME,39,76,0.12166182
PME,40,77,0.1153031
PME,41,78,0.158954
PME,42,79,0.17252994
PME,43,80,0.21812986
PME,44,81,0.2766047
PME,45,82,0.25677904
PME,46,89,0.12021751
PME,47,90,0.112812966
PME,48,91,0.09376808
PME,49,92,0.08438444
PME,50,93,0.12585066
PME,51,94,0.13421954
PME,52,95,0.1679206
PME,53,96,0.20075423
PME,54,97,0.22991675
PME,55,104,0.094906546
PME,56,105,0.08699189
PME,57,106,0.07717948
PME,58,107,0.07186154
PME,59,108,0.104040995
PME,60,109,0.13581361
PME,61,110,0.15270914
PME,62,111,0.14655702
PME,63,112,0.20380448
PME,64,121,0.08266353
PME,65,122,0.07943417
PME,66,123,0.07380303
PME,67,124,0.07309835
PME,68,125,0.093636476
PME,69,126,0.10721189
PME,70,127,0.101833366
PME,71,128,0.17033452
PME,72,140,0.07684448
PME,73,141,0.07930457
PME,74,142,0.06969919
PME,75,143,0.069604136
PME,76,144,0.094117805
PME,77,150,0.06706887
PME,78,151,0.061190907
PME,79,152,0.05675079
PME,80,153,0.058015663
PME,81,154,0.067416
PME,82,155,0.06860436
PME,83,156,0.09956328
PME,84,157,0.17045516
PME,85,158,0.091128916
PME,86,165,0.056390863
PME,87,166,0.057009846
PME,88,167,0.056762956
PME,89,168,0.05940666
PME,90,169,0.06121966
PME,91,170,0.070179746
PME,92,171,0.08364527
PME,93,172,0.096440986
PME,94,173,0.10308833
PME,95,174,0.112325184
PME,96,175,0.108031295
PME,97,185,0.058344882
PME,98,186,0.058750797
PME,99,187,0.05813415
PME,100,188,0.057863466
PME,101,189,0.06688857
PME,102,190,0.13335924
PME,103,191,0.16238837
PME,104,192,0.2352601
PME,105,193,0.24860066
PME,106,207,0.062163413
PME,107,208,0.062123615
PME,108,209,0.06294828
PME,109,210,0.07129945
PME,110,211,0.069971174
PME,111,212,0.12203282
PME,112,213,0.13944285
PME,113,214,0.16759117
PME,114,215,0.1829367
PME,115,222,0.061417926
PME,116,223,0.062688634
PME,117,224,0.06545313
PME,118,225,0.080757156
PME,119,226,0.06680323
PME,120,232,0.05710511
PME,121,233,0.05764652
PME,122,234,0.05690561
PME,123,235,0.05888864
PME,124,236,0.061351582
PME,125,237,0.061390042
PME,126,238,0.060795505
PME,127,239,0.08236207
PME,128,240,0.06807727
PME,129,241,0.08724916
PME,130,242,0.07595658
PME,131,252,0.05902546
PME,132,253,0.060207378
PME,133,254,0.060052767
PME,134,255,0.070491284
PME,135,256,0.06907294
PME,136,257,0.11812506
PME,137,263,0.05864607
PME,138,264,0.060353383
PME,139,265,0.047695473
PME,140,266,0.060070667
PME,141,267,0.07267777
PME,142,268,0.08199855
PME,143,269,0.12302189
PME,144,270,0.122447945
PME,145,282,0.037761834
PME,146,283,0.040440965
PME,147,284,0.046572488
PME,148,285,0.06752832
PME,149,286,0.04768843
PME,150,287,0.054163158
PME,151,288,0.068983614
PME,152,289,0.06525487
PME,153,290,0.08510611
PME,154,291,0.08299202
PME,155,292,0.09096808
PME,156,302,0.044609405
PME,157,303,0.048794106
PME,158,304,0.063761
PME,159,305,0.077046625
PME,160,306,0.050356004
PME,161,307,0.06447255
PME,162,308,0.08192053
PME,163,309,0.07260234
PME,164,314,0.075226314
PME,165,315,0.09165128
PME,166,316,0.10044582
PME,167,317,0.11427384
PME,168,318,0.10227525
PME,169,319,0.12925996
PME,170,320,0.19478972
PME,171,321,0.2364444
PME,172,322,0.278456
PME,173,336,0.09726975
PME,174,337,0.10740943
PME,175,338,0.10479725
PME,176,339,0.1198002
PME,177,340,0.11511769
PME,178,341,0.11138931
PME,179,342,0.15277709
PME,180,343,0.08985099
PME,181,348,0.09214475
PME,182,349,0.09397952
PME,183,350,0.09376136
PME,184,351,0.10654319
PME,185,355,0.08658347
PME,186,356,0.08942778
PME,187,357,0.087967694
PME,188,358,0.09956359
PME,189,359,0.09302877
PME,190,360,0.09203561
PME,191,361,0.07065072
PME,192,362,0.13381198
PME,193,367,0.08031646
PME,194,368,0.08247007
PME,195,369,0.07107463
PME,196,370,0.07918427
PME,197,374,0.062170647
PME,198,375,0.060311332
PME,199,376,0.05922434
PME,200,377,0.08003592
PME,201,378,0.06757674
PME,202,379,0.07568827
PME,203,380,0.07483481
PME,204,388,0.050622728
PME,205,389,0.047949754
PME,206,390,0.052614868
PME,207,391,0.059065435
PME,208,392,0.046780847
PME,209,393,0.048822798
PME,210,394,0.057770737
PME,211,395,0.055948853
PME,212,407,0.06073941
PME,213,408,0.0674448
PME,214,409,0.06781256
PME,215,410,0.06677145
PME,216,411,0.07639448
PME,217,412,0.09161008
PME,218,413,0.08111559
PME,219,421,0.076457575
PME,220,422,0.07901209
PME,221,423,0.08012655
PME,222,424,0.08474114
PME,223,425,0.08184799
PME,224,426,0.088381
PME,225,427,0.0861922
PME,226,435,0.08197663
PME,227,436,0.08629804
PME,228,437,0.07618629
PME,229,438,0.07868159
PME,230,439,0.09848405
PME,231,440,0.11673313
PME,232,441,0.13259174
PME,233,442,0.15997185
PME,234,443,0.19992103
PME,235,457,0.07076408
PME,236,458,0.0639802
PME,237,459,0.06280536
PME,238,460,0.06693923
PME,239,461,0.060621493
PME,240,462,0.069542326
PME,241,463,0.067868546
PME,242,464,0.091782875
PME,243,465,0.076872826
PME,244,472,0.06322759
PME,245,473,0.06480718
PME,246,474,0.06830656
PME,247,475,0.07037141
PME,248,476,0.07342668
PME,249,477,0.089737624
PME,250,478,0.14402178
PME,251,479,0.11676148
PME,252,491,0.07353468
PME,253,492,0.081218064
PME,254,493,0.07816822
PME,255,494,0.08355432
PME,256,498,0.07242245
PME,257,499,0.07151374
PME,258,500,0.067171104
PME,259,501,0.0724321
PME,260,502,0.07515287
PME,261,503,0.08606577
PME,262,504,0.08337196
PME,263,512,0.06471093
PME,264,513,0.061346855
PME,265,514,0.0671831
PME,266,515,0.07124117
PME,267,516,0.06317633
PME,268,517,0.071870014
PME,269,518,0.06584422
PME,270,528,0.070793055
PME,271,529,0.0735793
PME,272,530,0.07629742
PME,273,531,0.08437549
PME,274,532,0.07677663
PME,275,533,0.08030323
PME,276,534,0.12077068
PME,277,535,0.10616697
PME,278,545,0.0749641
PME,279,546,0.07947159
PME,280,547,0.0843673
PME,281,548,0.092371136
PME,282,549,0.0833667
PME,283,550,0.12825154
PME,284,551,0.14044161
PME,285,552,0.116158776
PME,286,553,0.15650158
PME,287,554,0.20966485
PME,288,555,0.23723182
PME,289,569,0.080619544
PME,290,570,0.087939836
PME,291,571,0.094273776
PME,292,572,0.10773409
PME,293,573,0.08605705
PME,294,574,0.09049386
PME,295,580,0.09126275
PME,296,581,0.10093427
PME,297,582,0.10988637
PME,298,583,0.13368623
PME,299,584,0.102687135
PME,300,585,0.099192604
PME,301,586,0.11068468
PME,302,587,0.1119503
PME,303,599,0.103510454
PME,304,600,0.10777135
PME,305,601,0.10202964
PME,306,602,0.10413452
PME,307,606,0.12411265
PME,308,607,0.14042658
PME,309,608,0.14576109
PME,310,609,0.19008864
PME,311,610,0.15004209
PME,312,611,0.19062382
PME,313,612,0.20677115
PME,314,613,0.26232362
PME,315,614,0.23288783
PME,316,623,0.12336303
PME,317,624,0.120225415
PME,318,625,0.1047309
PME,319,626,0.11495703
PME,320,627,0.14065161
PME,321,628,0.15260786
PME,322,629,0.16350676
PME,323,630,0.18516189
PME,324,637,0.111961104
PME,325,638,0.123127006
PME,326,639,0.11131903
PME,327,640,0.12488992
PME,328,641,0.1570269
PME,329,642,0.16213201
PME,330,643,0.13892585
PME,331,651,0.10874185
PME,332,652,0.097170055
PME,333,653,0.07779147
PME,334,654,0.075613774
PME,335,655,0.110162996
PME,336,656,0.113155544
PME,337,657,0.13506636
PME,338,665,0.07552794
PME,339,666,0.07204545
PME,340,667,0.062235594
PME,341,668,0.06185862
PME,342,669,0.08442791
PME,343,670,0.10935266
PME,344,671,0.11784324
PME,345,672,0.17776842
PME,346,673,0.14973387
PME,347,680,0.06697154
PME,348,681,0.07759618
PME,349,682,0.08025564
PME,350,683,0.08920802
PME,351,684,0.10107173
PME,352,690,0.08522964
PME,353,691,0.09788238
PME,354,692,0.087047756
PME,355,693,0.094646804
PME,356,694,0.11674645
PME,357,695,0.13584538
PME,358,696,0.15917823
PME,359,697,0.18979718
PME,360,698,0.18365039
PME,361,705,0.07671807
PME,362,706,0.071991764
PME,363,707,0.060034614
PME,364,708,0.06333817
PME,365,709,0.078892134
PME,366,710,0.09390303
PME,367,711,0.16473123
PME,368,712,0.12947755
PME,369,724,0.057424255
PME,370,725,0.06267763
PME,371,726,0.06662834
PME,372,727,0.06935997
PME,373,728,0.07699312
PME,374,729,0.103438705
PME,375,730,0.14724973
PME,376,731,0.22556654
PME,377,732,0.17330934
PME,378,741,0.07648501
PME,379,742,0.09091063
PME,380,743,0.088368736
PME,381,744,0.09856641
PME,382,745,0.11252953
PME,383,746,0.12836133
PME,384,747,0.13542524
PME,385,748,0.14526354
PME,386,753,0.08456468
PME,387,754,0.09232771
PME,388,755,0.07552842
PME,389,756,0.080553904
PME,390,757,0.10974109
PME,391,758,0.13755403
PME,392,759,0.13279673
PME,393,760,0.13048695
PME,394,770,0.06704924
PME,395,771,0.0665391
PME,396,772,0.066622816
PME,397,773,0.073165536
PME,398,774,0.07925543
PME,399,775,0.10527472
PME,400,776,0.08899551
PME,401,777,0.101324946
PME,402,789,0.07295712
PME,403,790,0.08815702
PME,404,791,0.09543444
PME,405,792,0.1084887
PME,406,793,0.10585079
PME,407,794,0.11323826
PME,408,795,0.15732217
PME,409,796,0.1283709
PME,410,803,0.0938939
PME,411,804,0.104058504
PME,412,805,0.09207107
PME,413,806,0.10128534
PME,414,807,0.11886621
PME,415,808,0.15623425
PME,416,809,0.13152269
PME,417,810,0.17707242
PME,418,811,0.17061317
PME,419,818,0.085759506
PME,420,819,0.08107865
PME,421,820,0.08289629
PME,422,821,0.09165985
PME,423,822,0.07758082
PME,424,823,0.07197197
PME,425,824,0.08755378
PME,426,834,0.08220505
PME,427,835,0.086883835
PME,428,836,0.09420676
PME,429,837,0.09617926
PME,430,838,0.09392274
PME,431,839,0.115223415
PME,432,840,0.1153058
PME,433,841,0.14542978
PME,434,846,0.12099954
PME,435,847,0.13242581
PME,436,848,0.13454513
PME,437,849,0.15017402
PME,438,850,0.14558908
PME,439,856,0.12866095
PME,440,857,0.13107875
PME,441,858,0.1313729
PME,442,859,0.14797346
PME,443,860,0.13029559
PME,444,861,0.15518682
PME,445,862,0.20239882
PME,446,863,0.16520979
PME,447,868,0.123536214
PME,448,869,0.12752402
PME,449,870,0.11944782
PME,450,871,0.13269807
PME,451,875,0.10706617
PME,452,876,0.10467941
PME,453,877,0.09827581
PME,454,878,0.11084103
PME,455,879,0.10945814
PME,456,880,0.109816544
PME,457,881,0.13759984
PME,458,882,0.1123983
PME,459,889,0.095489115
PME,460,890,0.09796062
PME,461,891,0.082185075
PME,462,892,0.079636104
PME,463,896,0.077184364
PME,464,897,0.06799791
PME,465,898,0.066282585
PME,466,899,0.07396143
PME,467,900,0.068341084
PME,468,901,0.07645114
PME,469,902,0.07438833
PME,470,910,0.06231945
PME,471,911,0.06085898
PME,472,912,0.05989565
PME,473,913,0.05569592
PME,474,914,0.06031643
PME,475,915,0.064994834
PME,476,916,0.06501086
PME,477,917,0.07306418
PME,478,929,0.07929648
PME,479,930,0.077793375
PME,480,931,0.076936245
PME,481,932,0.082789935
PME,482,933,0.086005874
PME,483,934,0.093555726
PME,484,935,0.111244395
PME,485,936,0.09679067
PME,486,941,0.07452345
PME,487,942,0.07761779
PME,488,943,0.08286394
PME,489,944,0.086233586
PME,490,945,0.0796572
PME,491,946,0.08479141
PME,492,947,0.08923942
PME,493,948,0.10215486
PME,494,949,0.10046754
PME,495,950,0.11243916
PME,496,951,0.10852836
PME,497,961,0.08703311
PME,498,962,0.09391868
PME,499,963,0.09197386
PME,500,964,0.097818784
PME,501,965,0.10188291
PME,502,966,0.09736282
PME,503,967,0.08704815
PME,504,975,0.08907991
PME,505,976,0.0894427
PME,506,977,0.09005901
PME,507,978,0.09202524
PME,508,979,0.08779378
PME,509,980,0.11428054
PME,510,981,0.10383026
PME,511,982,0.08855076
PME,512,983,0.12018933
PME,513,990,0.0917733
PME,514,991,0.093943715
PME,515,992,0.0982098
PME,516,993,0.1059998
PME,517,994,0.096185625
PME,518,995,0.0795145
PME,519,996,0.08413213
PME,520,997,0.092223644
PME,521,998,0.100414805
PME,522,999,0.100844085
PME,523,1000,0.1058285
PME,524,1010,0.09849358
PME,525,1011,0.10367921
PME,526,1012,0.10679243
PME,527,1013,0.11696084
PME,528,1014,0.10368731
PME,529,1015,0.115227066
PME,530,1016,0.19520046
PME,531,1017,0.10347692
PME,532,1029,0.10429971
PME,533,1030,0.111676954
PME,534,1031,0.108817
PME,535,1032,0.11782814
PME,536,1033,0.11716407
PME,537,1034,0.13354665
PME,538,1035,0.12600364
PME,539,1043,0.10084641
PME,540,1044,0.10115256
PME,541,1045,0.099821396
PME,542,1046,0.1030896
PME,543,1047,0.10944481
PME,544,1048,0.12605228
PME,545,1049,0.14217235
PME,546,1050,0.11402463
PME,547,1060,0.10316439
PME,548,1061,0.10805185
PME,549,1062,0.11116189
PME,550,1063,0.11457773
PME,551,1064,0.1280219
PME,552,1065,0.14708892
PME,553,1066,0.14911376
PME,554,1067,0.25493178
PME,555,1077,0.11940283
PME,556,1078,0.12940724
PME,557,1079,0.11635855
PME,558,1080,0.12863679
PME,559,1081,0.15675639
PME,560,1087,0.10539323
PME,561,1088,0.100451596
PME,562,1089,0.08335735
PME,563,1090,0.09530374
PME,564,1091,0.114677854
PME,565,1092,0.13940917
PME,566,1093,0.17355557
PME,567,1094,0.1540462
PME,568,1095,0.1884485
PME,569,1096,0.25715652
PME,570,1097,0.1951542
PME,571,1111,0.080812335
PME,572,1112,0.088829994
PME,573,1113,0.10087387
PME,574,1114,0.11950512
PME,575,1115,0.10525949
PME,576,1116,0.08248418
PME,577,1117,0.09853115
PME,578,1118,0.16329508
PME,579,1119,0.19415891
PME,580,1133,0.10329371
PME,581,1134,0.11859957
PME,582,1135,0.12516636
PME,583,1136,0.15033191
PME,584,1137,0.12755792
PME,585,1138,0.13186401
PME,586,1139,0.1725337
PME,587,1140,0.17981774
PME,588,1150,0.12605703
PME,589,1151,0.14057493
PME,590,1152,0.15527174
PME,591,1153,0.1738003
PME,592,1154,0.16544136
PME,593,1155,0.19933937
PME,594,1156,0.21439831
PME,595,1157,0.24685155
PME,596,1158,0.28429037
PME,597,1172,0.19862773
PME,598,1173,0.24622096
PME,599,1174,0.26469782
PME,600,1175,0.30979767
PME,601,1176,0.31811443
PME,602,1177,0.3921812
PME,603,1178,0.428841
PME,604,1179,0.4558506
PME,605,1184,0.28320155
PME,606,1185,0.32797983
PME,607,1186,0.2976065
PME,608,1187,0.34252504
PME,609,1188,0.37104213
PME,610,1189,0.3404006
PME,611,1190,0.43560782
PME,612,1198,0.23453303
PME,613,1199,0.22235103
PME,614,1200,0.17887355
PME,615,1201,0.20185778
PME,616,1202,0.23705865
PME,617,1203,0.29850975
PME,618,1204,0.32361132
PME,619,1205,0.3484155
PME,620,1210,0.14963408
PME,621,1211,0.12536754
PME,622,1212,0.11526794
PME,623,1213,0.12151692
PME,624,1214,0.15270162
PME,625,1215,0.18185665
PME,626,1221,0.12267371
PME,627,1222,0.11762135
PME,628,1223,0.108877085
PME,629,1224,0.11590289
PME,630,1225,0.11882726
PME,631,1226,0.13181265
PME,632,1227,0.14066389
PME,633,1228,0.16900803
PME,634,1229,0.18986809
PME,635,1236,0.10481465
PME,636,1237,0.10292043
PME,637,1238,0.09839351
PME,638,1239,0.099478364
PME,639,1240,0.117123544
PME,640,1241,0.19747356
PME,641,1242,0.2486794
PME,642,1243,0.28966206
PME,643,1244,0.28564185
PME,644,1251,0.100812346
PME,645,1252,0.10277393
PME,646,1253,0.098771304
PME,647,1254,0.09305312
PME,648,1255,0.11430606
PME,649,1256,0.09497651
PME,650,1257,0.091419674
PME,651,1258,0.11043696
PME,652,1259,0.09539228
PME,653,1266,0.10337136
PME,654,1267,0.09750913
PME,655,1268,0.09465965
PME,656,1269,0.09193145
PME,657,1270,0.10521714
PME,658,1271,0.11648498
PME,659,1272,0.099623546
PME,660,1273,0.12953347
PME,661,1285,0.09951881
PME,662,1286,0.09814421
PME,663,1287,0.089749336
PME,664,1288,0.09030219
PME,665,1289,0.110887274
PME,666,1290,0.12888321
PME,667,1291,0.21592939
PME,668,1292,0.25745717
PME,669,1293,0.29069695
PME,670,1294,0.30500093
PME,671,1295,0.32881242
PME,672,1309,0.08704012
PME,673,1310,0.08018278
PME,674,1311,0.07577379
PME,675,1312,0.07898115
PME,676,1313,0.08125346
PME,677,1314,0.07835697
PME,678,1315,0.080402136
PME,679,1316,0.1556203
PME,680,1317,0.11251013
PME,681,1324,0.073726475
PME,682,1325,0.07166632
PME,683,1326,0.06886616
PME,684,1327,0.06815878
PME,685,1328,0.07712087
PME,686,1334,0.07151419
PME,687,1335,0.06831286
PME,688,1336,0.06753393
PME,689,1337,0.06649646
PME,690,1338,0.07280557
PME,691,1339,0.06846421
PME,692,1340,0.05937516
PME,693,1341,0.08512899
PME,694,1342,0.06251191
PME,695,1343,0.08865529
PME,696,1344,0.075050026
PME,697,1354,0.07076222
PME,698,1355,0.07451201
PME,699,1356,0.06994364
PME,700,1357,0.07828918
PME,701,1358,0.0927382
PME,702,1359,0.12611641
PME,703,1360,0.15274201
PME,704,1361,0.20531407
PME,705,1362,0.22639774
PME,706,1363,0.24452151
PME,707,1364,0.2773608
PME,708,1378,0.065060034
PME,709,1379,0.06391327
PME,710,1380,0.061122216
PME,711,1381,0.0684099
PME,712,1382,0.06326618
PME,713,1383,0.075192705
PME,714,1384,0.07570688
PME,715,1394,0.059400648
PME,716,1395,0.062337942
PME,717,1396,0.07190298
PME,718,1397,0.0824717
PME,719,1398,0.060421336
PME,720,1399,0.060240734
PME,721,1400,0.069893055
PME,722,1401,0.06364591
PME,723,1402,0.07789738
PME,724,1403,0.07214476
PME,725,1404,0.077650435
PME,726,1414,0.07234825
PME,727,1415,0.07952112
PME,728,1416,0.100040756
PME,729,1417,0.1090825
PME,730,1418,0.075612284
PME,731,1419,0.077196054
PME,732,1420,0.081716806
PME,733,1421,0.081860535
PME,734,1426,0.1141705
PME,735,1427,0.13576171
PME,736,1428,0.13424608
PME,737,1429,0.15106009
PME,738,1430,0.15728314
PME,739,1431,0.16637978
PME,740,1432,0.16747674
PME,741,1433,0.20081599
PME,742,1434,0.17236513
PME,743,1448,0.11936324
PME,744,1449,0.12117094
PME,745,1450,0.1169969
PME,746,1451,0.12703319
PME,747,1452,0.12051741
PME,748,1453,0.110995494
PME,749,1454,0.10187239
PME,750,1455,0.12641984
PME,751,1460,0.108231395
PME,752,1461,0.10753583
PME,753,1462,0.100775376
PME,754,1463,0.10910486
PME,755,1467,0.09268316
PME,756,1468,0.08883156
PME,757,1469,0.079425886
PME,758,1470,0.08218324
PME,759,1471,0.09023235
PME,760,1472,0.08079022
PME,761,1473,0.087874554
PME,762,1474,0.07662296
PME,763,1481,0.07490186
PME,764,1482,0.06997133
PME,765,1483,0.059988942
PME,766,1484,0.06211816
PME,767,1488,0.058329113
PME,768,1489,0.050983388
PME,769,1490,0.052854538
PME,770,1491,0.06293959
PME,771,1492,0.052683458
PME,772,1493,0.07153071
PME,773,1494,0.09163638
PME,774,1495,0.09345405
PME,775,1496,0.12159852
PME,776,1497,0.12323919
PME,777,1498,0.13343886
PME,778,1499,0.16940583
PME,779,1509,0.051588055
PME,780,1510,0.048190523
PME,781,1511,0.05310273
PME,782,1512,0.05490992
PME,783,1513,0.04415952
PME,784,1514,0.050566223
PME,785,1515,0.05139242
PME,786,1516,0.056708854
PME,787,1528,0.06496177
PME,788,1529,0.07074848
PME,789,1530,0.06720608
PME,790,1531,0.06492236
PME,791,1532,0.077736415
PME,792,1533,0.14410558
PME,793,1539,0.07460256
PME,794,1540,0.076765455
PME,795,1541,0.07530501
PME,796,1542,0.07335532
PME,797,1543,0.08670045
PME,798,1549,0.079047404
PME,799,1550,0.082543336
PME,800,1551,0.07392679
PME,801,1552,0.07552438
PME,802,1553,0.09510655
PME,803,1559,0.070042774
PME,804,1560,0.06497917
PME,805,1561,0.057986733
PME,806,1562,0.062623985
PME,807,1563,0.0652919
PME,808,1564,0.07341442
PME,809,1565,0.06989802
PME,810,1566,0.071237266
PME,811,1567,0.08424037
PME,812,1574,0.05487052
PME,813,1575,0.053808264
PME,814,1576,0.05606154
PME,815,1577,0.057670247
PME,816,1578,0.060518235
PME,817,1579,0.06927004
PME,818,1580,0.11439046
PME,819,1581,0.14587396
PME,820,1593,0.061138086
PME,821,1594,0.06696106
PME,822,1595,0.07001067
PME,823,1596,0.07428057
PME,824,1597,0.08056025
PME,825,1598,0.123577595
PME,826,1599,0.14226869
PME,827,1600,0.18350366
PME,828,1601,0.24828213
PME,829,1602,0.26265243
PME,830,1603,0.33387327
PME,831,1617,0.07200697
PME,832,1618,0.07823127
PME,833,1619,0.07507324
PME,834,1620,0.08452738
PME,835,1621,0.083469674
PME,836,1622,0.09088624
PME,837,1623,0.1006994
PME,838,1624,0.09937905
PME,839,1625,0.107450455
PME,840,1626,0.108175576
PME,841,1634,0.068354525
PME,842,1635,0.06892047
PME,843,1636,0.06677253
PME,844,1637,0.07485087
PME,845,1638,0.07262291
PME,846,1639,0.092372365
PME,847,1640,0.091133304
PME,848,1650,0.06274025
PME,849,1651,0.064486064
PME,850,1652,0.07505064
PME,851,1653,0.08409493
PME,852,1654,0.06939104
PME,853,1655,0.07248095
PME,854,1656,0.13700752
PME,855,1657,0.17549822
PME,856,1667,0.08044572
PME,857,1668,0.09631483
PME,858,1669,0.09838948
PME,859,1670,0.1088537
PME,860,1671,0.10753806
PME,861,1672,0.12951289
PME,862,1673,0.10507926
PME,863,1681,0.094249465
PME,864,1682,0.10164572
PME,865,1683,0.10442039
PME,866,1684,0.12227069
PME,867,1685,0.10153108
PME,868,1686,0.10653467
PME,869,1687,0.1519841
PME,870,1688,0.14802894
PME,871,1695,0.0958944
PME,872,1696,0.09923243
PME,873,1697,0.10654398
PME,874,1698,0.11206885
PME,875,1699,0.0940954
PME,876,1700,0.09665225
PME,877,1701,0.10410339
PME,878,1702,0.118531235
PME,879,1714,0.11402159
PME,880,1715,0.121683545
PME,881,1716,0.091909766
PME,882,1717,0.08352802
PME,883,1721,0.10067827
PME,884,1722,0.08311724
PME,885,1723,0.08432815
PME,886,1724,0.12027209
PME,887,1725,0.10438344
PME,888,1726,0.105053425
PME,889,1727,0.12274108
PME,890,1728,0.14987037
PME,891,1729,0.13735099
PME,892,1736,0.0808358
PME,893,1737,0.11095213
PME,894,1738,0.106950864
PME,895,1739,0.14767154
PME,896,1740,0.15654951
PME,897,1741,0.16088958
PME,898,1742,0.16686559
PME,899,1743,0.18272212
PME,900,1744,0.18383011
PME,901,1758,0.09023162
PME,902,1759,0.084218845
PME,903,1760,0.0892398
PME,904,1761,0.10021801
PME,905,1762,0.080234826
PME,906,1763,0.09065775
PME,907,1764,0.10214815
PME,908,1765,0.16092104
PME,909,1777,0.09308648
PME,910,1778,0.10086637
PME,911,1779,0.09980214
PME,912,1780,0.1018973
PME,913,1781,0.11041131
PME,914,1782,0.13362098
PME,915,1783,0.11231805
PME,916,1791,0.1013467
PME,917,1792,0.10361514
PME,918,1793,0.100670524
PME,919,1794,0.10429754
PME,920,1795,0.11100769
PME,921,1796,0.12285651
PME,922,1797,0.13843945
PME,923,1798,0.19306609
PME,924,1803,0.10095194
PME,925,1804,0.10972475
PME,926,1805,0.10488192
PME,927,1806,0.11892713
PME,928,1807,0.12790443
PME,929,1808,0.12507123
PME,930,1809,0.1428489
PME,931,1810,0.18199308
PME,932,1811,0.20562331
PME,933,1818,0.09496631
PME,934,1819,0.09225211
PME,935,1820,0.08644223
PME,936,1821,0.084613405
PME,937,1822,0.100738816
PME,938,1823,0.14356035
PME,939,1824,0.14944527
PME,940,1825,0.14738908
PME,941,1826,0.17556696
PME,942,1833,0.08810066
PME,943,1834,0.08527408
PME,944,1835,0.081539825
PME,945,1836,0.0776029
PME,946,1837,0.09316934
PME,947,1838,0.113818794
PME,948,1839,0.09929251
PME,949,1849,0.09002599
PME,950,1850,0.0949415
PME,951,1851,0.08680033
PME,952,1852,0.081961654
PME,953,1853,0.11443635
PME,954,1854,0.119736865
PME,955,1855,0.124565095
PME,956,1856,0.12911685
PME,957,1861,0.09016111
PME,958,1862,0.08914144
PME,959,1863,0.07669864
PME,960,1864,0.07570579
PME,961,1865,0.10359327
PME,962,1866,0.10718121
PME,963,1867,0.15334709
PME,964,1868,0.21881421
PME,965,1869,0.192755
PME,966,1876,0.070897125
PME,967,1877,0.061679613
PME,968,1878,0.053844538
PME,969,1879,0.05488293
PME,970,1880,0.061388485
PME,971,1881,0.059947453
PME,972,1882,0.061804842
PME,973,1883,0.1303177
PME,974,1893,0.05591974
PME,975,1894,0.05534871
PME,976,1895,0.055305608
PME,977,1896,0.05241029
PME,978,1897,0.063907854
PME,979,1898,0.074821636
PME,980,1899,0.07159452
PME,981,1900,0.085857816
PME,982,1912,0.06522559
PME,983,1913,0.07209256
PME,984,1914,0.070749514
PME,985,1915,0.07850104
PME,986,1916,0.0896719
PME,987,1917,0.101475246
PME,988,1918,0.10825627
PME,989,1919,0.13131414
PME,990,1920,0.16529265
PME,991,1921,0.16991664
PME,992,1922,0.21546602
PME,993,1936,0.06878058
PME,994,1937,0.07269333
PME,995,1938,0.06602288
PME,996,1939,0.07861707
PME,997,1940,0.0803661
PME,998,1941,0.093890384
PME,999,1942,0.09182256
PME,1000,1943,0.14713748
PME,1001,1944,0.1236374
PME,1002,1951,0.056421973
PME,1003,1952,0.056238282
PME,1004,1953,0.05878071
PME,1005,1954,0.0756793
PME,1006,1955,0.057602923
PME,1007,1961,0.053530186
PME,1008,1962,0.05758128
PME,1009,1963,0.06542963
PME,1010,1964,0.08176172
PME,1011,1965,0.06213888
PME,1012,1966,0.081318885
PME,1013,1967,0.10448295
PME,1014,1968,0.10428295
PME,1015,1973,0.078049734
PME,1016,1974,0.08491191
PME,1017,1975,0.08296731
PME,1018,1976,0.088122286
PME,1019,1977,0.097618125
PME,1020,1978,0.11112354
PME,1021,1979,0.108795874
PME,1022,1980,0.12472117
PME,1023,1992,0.08329291
PME,1024,1993,0.08653165
PME,1025,1994,0.08603262
PME,1026,1995,0.0969814
PME,1027,1996,0.09723478
PME,1028,1997,0.10700973
PME,1029,1998,0.10840836
PME,1030,1999,0.13262504
PME,1031,2004,0.08026994
PME,1032,2005,0.083263315
PME,1033,2006,0.080431536
PME,1034,2007,0.11203953
PME,1035,2011,0.0714081
PME,1036,2012,0.076198466
PME,1037,2013,0.07219883
PME,1038,2014,0.08811231
PME,1039,2015,0.08568187
PME,1040,2016,0.07834577
PME,1041,2017,0.10485104
PME,1042,2018,0.072551645
PME,1043,2023,0.066738285
PME,1044,2024,0.07299372
PME,1045,2025,0.0626796
PME,1046,2026,0.078777224
PME,1047,2030,0.05128197
PME,1048,2031,0.050323542
PME,1049,2032,0.049504172
PME,1050,2033,0.05722778
PME,1051,2034,0.055297375
PME,1052,2035,0.13847496
PME,1053,2036,0.15347646
PME,1054,2037,0.23970044
PME,1055,2038,0.11578003
PME,1056,2047,0.051838923
PME,1057,2048,0.0499583
PME,1058,2049,0.04816836
PME,1059,2050,0.047375057
PME,1060,2051,0.05334456
PME,1061,2052,0.061432764
PME,1062,2053,0.06291942
PME,1063,2063,0.058729455
PME,1064,2064,0.059642147
PME,1065,2065,0.060254052
PME,1066,2066,0.066263
PME,1067,2067,0.06696143
PME,1068,2068,0.06717692
PME,1069,2069,0.102738135
PME,1070,2070,0.0980004
PME,1071,2077,0.060142696
PME,1072,2078,0.060576595
PME,1073,2079,0.064078756
PME,1074,2080,0.06715347
PME,1075,2081,0.06820898
PME,1076,2082,0.07604978
PME,1077,2083,0.08607861
PME,1078,2084,0.08541591
PME,1079,2085,0.09786278
PME,1080,2086,0.09576386
PME,1081,2087,0.09909951
PME,1082,2088,0.1158745
PME,1083,2098,0.06635486
PME,1084,2099,0.07094463
PME,1085,2100,0.0737228
PME,1086,2101,0.08654716
PME,1087,2102,0.081700295
PME,1088,2103,0.14307559
PME,1089,2104,0.21019392
PME,1090,2105,0.2677613
PME,1091,2106,0.25425848
PME,1092,2113,0.07063007
PME,1093,2114,0.07393352
PME,1094,2115,0.073811494
PME,1095,2116,0.07913715
PME,1096,2117,0.07763553
PME,1097,2118,0.07975113
PME,1098,2119,0.07754789
PME,1099,2120,0.12094651
PME,1100,2121,0.059280127
PME,1101,2128,0.07020846
PME,1102,2129,0.06855156
PME,1103,2130,0.0698772
PME,1104,2131,0.07543992
PME,1105,2132,0.064256005
PME,1106,2133,0.06457758
PME,1107,2134,0.07391158
PME,1108,2135,0.07051433
PME,1109,2136,0.07620285
PME,1110,2137,0.080908455
PME,1111,2138,0.07766255
PME,1112,2148,0.07011498
PME,1113,2149,0.073648006
PME,1114,2150,0.071022324
PME,1115,2151,0.07733632
PME,1116,2152,0.081071556
PME,1117,2153,0.093355335
PME,1118,2154,0.08927217
PME,1119,2164,0.07011633
PME,1120,2165,0.07536714
PME,1121,2166,0.08109297
PME,1122,2167,0.09279957
PME,1123,2168,0.07944825
PME,1124,2169,0.10174796
PME,1125,2170,0.15796712
PME,1126,2171,0.20383388
PME,1127,2172,0.21861914
PME,1128,2181,0.081768624
PME,1129,2182,0.09139108
PME,1130,2183,0.09889028
PME,1131,2184,0.10837928
PME,1132,2185,0.09533706
PME,1133,2186,0.10079132
PME,1134,2187,0.11655399
PME,1135,2188,0.09944666
PME,1136,2198,0.10026008
PME,1137,2199,0.10695349
PME,1138,2200,0.1043308
PME,1139,2201,0.124469414
PME,1140,2202,0.10616852
PME,1141,2203,0.12770104
PME,1142,2204,0.12188383
PME,1143,2205,0.14318475
PME,1144,2215,0.09493496
PME,1145,2216,0.10630821
PME,1146,2217,0.12013972
PME,1147,2218,0.142194
PME,1148,2219,0.112144716
PME,1149,2220,0.116715565
PME,1150,2221,0.10696807
PME,1151,2229,0.124499924
PME,1152,2230,0.14389138
PME,1153,2231,0.15427601
PME,1154,2232,0.16727245
PME,1155,2233,0.16137496
PME,1156,2239,0.17860632
PME,1157,2240,0.20806013
PME,1158,2241,0.22737381
PME,1159,2242,0.2546025
PME,1160,2243,0.22552851
PME,1161,2244,0.24776661
PME,1162,2245,0.26764163
PME,1163,2246,0.33342075
PME,1164,2247,0.3732327
PME,1165,2248,0.2521809
PME,1166,2262,0.32911682
PME,1167,2263,0.28363216
PME,1168,2264,0.24998394
PME,1169,2265,0.3136396
PME,1170,2266,0.37966353
PME,1171,2267,0.4029111
PME,1172,2268,0.42255548
PME,1173,2280,0.17879452
PME,1174,2281,0.14150962
PME,1175,2282,0.15857625
PME,1176,2283,0.21257024
PME,1177,2284,0.117478155
PME,1178,2285,0.131472
PME,1179,2286,0.17434575
PME,1180,2287,0.19439237
PME,1181,2288,0.18780638
PME,1182,2302,0.14939272
PME,1183,2303,0.16749744
PME,1184,2304,0.1328831
PME,1185,2305,0.12507433
PME,1186,2306,0.2154399
PME,1187,2307,0.24215908
PME,1188,2308,0.28350025
PME,1189,2309,0.29256353
PME,1190,2321,0.12938416
PME,1191,2322,0.11127868
PME,1192,2323,0.087711506
PME,1193,2324,0.0875456
PME,1194,2325,0.11390418
PME,1195,2326,0.1483189
PME,1196,2327,0.11388283
PME,1197,2328,0.16245674
PME,1198,2340,0.07847619
PME,1199,2341,0.06574432
PME,1200,2342,0.073322184
PME,1201,2343,0.09729311
PME,1202,2344,0.07506273
PME,1203,2345,0.09537064
PME,1204,2346,0.08973095
PME,1205,2354,0.060957894
PME,1206,2355,0.06658991
PME,1207,2356,0.06571625
PME,1208,2357,0.072370395
PME,1209,2358,0.07147349
PME,1210,2359,0.07844699
PME,1211,2365,0.0690851
PME,1212,2366,0.07206486
PME,1213,2367,0.07007917
PME,1214,2368,0.08219277
PME,1215,2369,0.07864115
PME,1216,2370,0.07167861
PME,1217,2371,0.07640513
PME,1218,2372,0.07081613
PME,1219,2373,0.074928336
PME,1220,2374,0.078058146
PME,1221,2375,0.07628918
PME,1222,2376,0.08398927
PME,1223,2377,0.08593272
PME,1224,2378,0.088941775
PME,1225,2389,0.06817128
PME,1226,2390,0.07230336
PME,1227,2391,0.06369871
PME,1228,2392,0.06346362
PME,1229,2393,0.09527458
PME,1230,2394,0.11729396
PME,1231,2395,0.10138532
PME,1232,2403,0.06547452
PME,1233,2404,0.066492714
PME,1234,2405,0.063602105
PME,1235,2406,0.072351515
PME,1236,2407,0.072027735
PME,1237,2408,0.0851346
PME,1238,2409,0.087346405
PME,1239,2417,0.062170323
PME,1240,2418,0.06732369
PME,1241,2419,0.06503671
PME,1242,2420,0.07715651
PME,1243,2421,0.076162696
PME,1244,2422,0.16420336
PME,1245,2423,0.1290274
PME,1246,2433,0.057640545
PME,1247,2434,0.057772413
PME,1248,2435,0.061586995
PME,1249,2436,0.06370101
PME,1250,2437,0.05605847
PME,1251,2438,0.067469
PME,1252,2439,0.0704118
PME,1253,2440,0.12609677
PME,1254,2452,0.06594238
PME,1255,2453,0.07038194
PME,1256,2454,0.06412645
PME,1257,2455,0.06596738
PME,1258,2456,0.0804254
PME,1259,2457,0.08869006
PME,1260,2458,0.10344399
PME,1261,2459,0.10582803
PME,1262,2471,0.06323941
PME,1263,2472,0.06445593
PME,1264,2473,0.060193084
PME,1265,2474,0.063141264
PME,1266,2475,0.070841774
PME,1267,2476,0.08371316
PME,1268,2477,0.08459167
PME,1269,2487,0.05872103
PME,1270,2488,0.05827439
PME,1271,2489,0.060383115
PME,1272,2490,0.06527735
PME,1273,2491,0.06180316
PME,1274,2492,0.0757666
PME,1275,2493,0.084804356
PME,1276,2494,0.09047333
PME,1277,2495,0.07857208
PME,1278,2509,0.062006645
PME,1279,2510,0.06383913
PME,1280,2511,0.061707355
PME,1281,2512,0.069537744
PME,1282,2513,0.07085609
PME,1283,2514,0.07419649
PME,1284,2520,0.061486088
PME,1285,2521,0.05931666
PME,1286,2522,0.055541318
PME,1287,2523,0.061795715
PME,1288,2524,0.067732856
PME,1289,2525,0.09512194
PME,1290,2526,0.11242632
PME,1291,2527,0.12014509
PME,1292,2537,0.05510887
PME,1293,2538,0.05966237
PME,1294,2539,0.061580528
PME,1295,2540,0.07937192
PME,1296,2541,0.07156347
PME,1297,2542,0.08642042
PME,1298,2543,0.09171542
PME,1299,2544,0.16654246
PME,1300,2556,0.08314447
PME,1301,2557,0.09446662
PME,1302,2558,0.10150265
PME,1303,2559,0.11355551
PME,1304,2560,0.10797871
PME,1305,2561,0.102141835
PME,1306,2562,0.12829705
PME,1307,2563,0.13133352
PME,1308,2564,0.13085619
PME,1309,2565,0.13647749
PME,1310,2566,0.14999159
PME,1311,2580,0.10114013
PME,1312,2581,0.1106017
PME,1313,2582,0.1058644
PME,1314,2583,0.11038532
PME,1315,2584,0.12801754
PME,1316,2585,0.14434123
PME,1317,2586,0.14619802
PME,1318,2587,0.17888667
PME,1319,2588,0.22705
PME,1320,2602,0.102229655
PME,1321,2603,0.10095139
PME,1322,2604,0.094521806
PME,1323,2605,0.09753918
PME,1324,2606,0.10751571
PME,1325,2607,0.121278435
PME,1326,2608,0.15516616
PME,1327,2609,0.14984134
PME,1328,2610,0.21497239
PME,1329,2611,0.21236831
PME,1330,2612,0.30460307
PME,1331,2626,0.1010275
PME,1332,2627,0.09416872
PME,1333,2628,0.077799834
PME,1334,2629,0.088660024
PME,1335,2630,0.112425335
PME,1336,2631,0.13304533
PME,1337,2637,0.07170911
PME,1338,2638,0.07639676
PME,1339,2639,0.112437226
PME,1340,2640,0.14269683
PME,1341,2641,0.09116226
PME,1342,2642,0.07648913
PME,1343,2643,0.104958974
PME,1344,2644,0.092985086
PME,1345,2645,0.12583102
PME,1346,2646,0.11747364
PME,1347,2647,0.12547587
PME,1348,2657,0.13026875
PME,1349,2658,0.17300057
PME,1350,2659,0.1361627
PME,1351,2660,0.12666029
PME,1352,2664,0.14498974
PME,1353,2665,0.12037989
PME,1354,2666,0.14171113
PME,1355,2667,0.16717492
PME,1356,2668,0.09973982
PME,1357,2669,0.09120971
PME,1358,2670,0.079546675
PME,1359,2671,0.107387915
PME,1360,2678,0.14696811
PME,1361,2679,0.17072263
PME,1362,2680,0.15798683
PME,1363,2681,0.20680949
PME,1364,2682,0.19987904
PME,1365,2683,0.20513216
PME,1366,2684,0.16355085
PME,1367,2692,0.11178817
PME,1368,2693,0.105153516
PME,1369,2694,0.10106213
PME,1370,2695,0.11177326
PME,1371,2696,0.11954189
PME,1372,2697,0.13078928
PME,1373,2698,0.1516303
PME,1374,2699,0.14788768
PME,1375,2700,0.170168
PME,1376,2701,0.17189538
PME,1377,2702,0.17650239
PME,1378,2703,0.1395861
CWLD_water_off_aq0p5,0,0,0.42863688
CWLD_water_off_aq0p5,1,1,0.41999587
CWLD_water_off_aq0p5,2,2,0.3370412
CWLD_water_off_aq0p5,3,3,0.36352482
CWLD_water_off_aq0p5,4,4,0.460643
CWLD_water_off_aq0p5,5,12,0.26416156
CWLD_water_off_aq0p5,6,13,0.20160972
CWLD_water_off_aq0p5,7,14,0.16814536
CWLD_water_off_aq0p5,8,15,0.20075725
CWLD_water_off_aq0p5,9,16,0.1808357
CWLD_water_off_aq0p5,10,17,0.20751357
CWLD_water_off_aq0p5,11,18,0.24203159
CWLD_water_off_aq0p5,12,19,0.25914684
CWLD_water_off_aq0p5,13,24,0.13719326
CWLD_water_off_aq0p5,14,25,0.13552277
CWLD_water_off_aq0p5,15,26,0.1159213
CWLD_water_off_aq0p5,16,27,0.121958226
CWLD_water_off_aq0p5,17,28,0.16105612
CWLD_water_off_aq0p5,18,29,0.17353562
CWLD_water_off_aq0p5,19,30,0.17242037
CWLD_water_off_aq0p5,20,31,0.18478338
CWLD_water_off_aq0p5,21,32,0.19097634
CWLD_water_off_aq0p5,22,41,0.11435235
CWLD_water_off_aq0p5,23,42,0.10660669
CWLD_water_off_aq0p5,24,43,0.08357691
CWLD_water_off_aq0p5,25,44,0.0822095
CWLD_water_off_aq0p5,26,45,0.13695477
CWLD_water_off_aq0p5,27,46,0.17396681
CWLD_water_off_aq0p5,28,47,0.20909448
CWLD_water_off_aq0p5,29,48,0.19938885
CWLD_water_off_aq0p5,30,60,0.090670265
CWLD_water_off_aq0p5,31,61,0.09924182
CWLD_water_off_aq0p5,32,62,0.09495447
CWLD_water_off_aq0p5,33,63,0.09585324
CWLD_water_off_aq0p5,34,64,0.14399534
CWLD_water_off_aq0p5,35,65,0.1603007
CWLD_water_off_aq0p5,36,66,0.1695235
CWLD_water_off_aq0p5,37,74,0.106436275
CWLD_water_off_aq0p5,38,75,0.11050041
CWLD_water_off_aq0p5,39,76,0.09504842
CWLD_water_off_aq0p5,40,77,0.09360648
CWLD_water_off_aq0p5,41,78,0.1363428
CWLD_water_off_aq0p5,42,79,0.14562538
CWLD_water_off_aq0p5,43,80,0.19788435
CWLD_water_off_aq0p5,44,81,0.27226618
CWLD_water_off_aq0p5,45,82,0.21398729
CWLD_water_off_aq0p5,46,89,0.09104045
CWLD_water_off_aq0p5,47,90,0.08970915
CWLD_water_off_aq0p5,48,91,0.078745484
CWLD_water_off_aq0p5,49,92,0.08355812
CWLD_water_off_aq0p5,50,93,0.09889971
CWLD_water_off_aq0p5,51,94,0.110231474
CWLD_water_off_aq0p5,52,95,0.12519215
CWLD_water_off_aq0p5,53,96,0.16608389
CWLD_water_off_aq0p5,54,97,0.17251071
CWLD_water_off_aq0p5,55,104,0.07286897
CWLD_water_off_aq0p5,56,105,0.07231284
CWLD_water_off_aq0p5,57,106,0.073958136
CWLD_water_off_aq0p5,58,107,0.07973034
CWLD_water_off_aq0p5,59,108,0.08175831
CWLD_water_off_aq0p5,60,109,0.09022693
CWLD_water_off_aq0p5,61,110,0.10632653
CWLD_water_off_aq0p5,62,111,0.15226096
CWLD_water_off_aq0p5,63,112,0.14978622
CWLD_water_off_aq0p5,64,121,0.076193064
CWLD_water_off_aq0p5,65,122,0.08357645
CWLD_water_off_aq0p5,66,123,0.078430034
CWLD_water_off_aq0p5,67,124,0.079044536
CWLD_water_off_aq0p5,68,125,0.09875833
CWLD_water_off_aq0p5,69,126,0.11070205
CWLD_water_off_aq0p5,70,127,0.11098923
CWLD_water_off_aq0p5,71,128,0.12629953
CWLD_water_off_aq0p5,72,140,0.07916099
CWLD_water_off_aq0p5,73,141,0.080964215
CWLD_water_off_aq0p5,74,142,0.07339585
CWLD_water_off_aq0p5,75,143,0.06974887
CWLD_water_off_aq0p5,76,144,0.095627174
CWLD_water_off_aq0p5,77,150,0.07953235
CWLD_water_off_aq0p5,78,151,0.08232693
CWLD_water_off_aq0p5,79,152,0.07801086
CWLD_water_off_aq0p5,80,153,0.07943909
CWLD_water_off_aq0p5,81,154,0.10083242
CWLD_water_off_aq0p5,82,155,0.0768626
CWLD_water_off_aq0p5,83,156,0.11418766
CWLD_water_off_aq0p5,84,157,0.1409181
CWLD_water_off_aq0p5,85,158,0.1672582
CWLD_water_off_aq0p5,86,165,0.07729213
CWLD_water_off_aq0p5,87,166,0.079795055
CWLD_water_off_aq0p5,88,167,0.073316224
CWLD_water_off_aq0p5,89,168,0.08144746
CWLD_water_off_aq0p5,90,169,0.08643372
CWLD_water_off_aq0p5,91,170,0.088824265
CWLD_water_off_aq0p5,92,171,0.10747092
CWLD_water_off_aq0p5,93,172,0.12503642
CWLD_water_off_aq0p5,94,173,0.12748046
CWLD_water_off_aq0p5,95,174,0.14399116
CWLD_water_off_aq0p5,96,175,0.13367996
CWLD_water_off_aq0p5,97,185,0.06638286
CWLD_water_off_aq0p5,98,186,0.066088945
CWLD_water_off_aq0p5,99,187,0.063227974
CWLD_water_off_aq0p5,100,188,0.067977265
CWLD_water_off_aq0p5,101,189,0.070580594
CWLD_water_off_aq0p5,102,190,0.096736416
CWLD_water_off_aq0p5,103,191,0.1299064
CWLD_water_off_aq0p5,104,192,0.1978075
CWLD_water_off_aq0p5,105,193,0.24959539
CWLD_water_off_aq0p5,106,207,0.060436185
CWLD_water_off_aq0p5,107,208,0.05908556
CWLD_water_off_aq0p5,108,209,0.06606022
CWLD_water_off_aq0p5,109,210,0.07393715
CWLD_water_off_aq0p5,110,211,0.06264156
CWLD_water_off_aq0p5,111,212,0.10235811
CWLD_water_off_aq0p5,112,213,0.13845223
CWLD_water_off_aq0p5,113,214,0.17642862
CWLD_water_off_aq0p5,114,215,0.21325414
CWLD_water_off_aq0p5,115,222,0.06883963
CWLD_water_off_aq0p5,116,223,0.07678016
CWLD_water_off_aq0p5,117,224,0.08122289
CWLD_water_off_aq0p5,118,225,0.09509024
CWLD_water_off_aq0p5,119,226,0.08284248
CWLD_water_off_aq0p5,120,232,0.0766953
CWLD_water_off_aq0p5,121,233,0.079898864
CWLD_water_off_aq0p5,122,234,0.08022992
CWLD_water_off_aq0p5,123,235,0.089012235
CWLD_water_off_aq0p5,124,236,0.080221616
CWLD_water_off_aq0p5,125,237,0.07989587
CWLD_water_off_aq0p5,126,238,0.07171266
CWLD_water_off_aq0p5,127,239,0.09309686
CWLD_water_off_aq0p5,128,240,0.07323745
CWLD_water_off_aq0p5,129,241,0.094955906
CWLD_water_off_aq0p5,130,242,0.08229497
CWLD_water_off_aq0p5,131,252,0.07470488
CWLD_water_off_aq0p5,132,253,0.07356942
CWLD_water_off_aq0p5,133,254,0.075803705
CWLD_water_off_aq0p5,134,255,0.082573876
CWLD_water_off_aq0p5,135,256,0.07374905
CWLD_water_off_aq0p5,136,257,0.08627127
CWLD_water_off_aq0p5,137,263,0.07511183
CWLD_water_off_aq0p5,138,264,0.0789061
CWLD_water_off_aq0p5,139,265,0.0710185
CWLD_water_off_aq0p5,140,266,0.0816723
CWLD_water_off_aq0p5,141,267,0.086599536
CWLD_water_off_aq0p5,142,268,0.094794095
CWLD_water_off_aq0p5,143,269,0.13930747
CWLD_water_off_aq0p5,144,270,0.122238114
CWLD_water_off_aq0p5,145,282,0.060823638
CWLD_water_off_aq0p5,146,283,0.057776906
CWLD_water_off_aq0p5,147,284,0.0569542
CWLD_water_off_aq0p5,148,285,0.06139725
CWLD_water_off_aq0p5,149,286,0.064252235
CWLD_water_off_aq0p5,150,287,0.06438435
CWLD_water_off_aq0p5,151,288,0.072783284
CWLD_water_off_aq0p5,152,289,0.07776429
CWLD_water_off_aq0p5,153,290,0.08495695
CWLD_water_off_aq0p5,154,291,0.089755416
CWLD_water_off_aq0p5,155,292,0.09006307
CWLD_water_off_aq0p5,156,302,0.06095663
CWLD_water_off_aq0p5,157,303,0.06349191
CWLD_water_off_aq0p5,158,304,0.07511576
CWLD_water_off_aq0p5,159,305,0.0879643
CWLD_water_off_aq0p5,160,306,0.067092784
CWLD_water_off_aq0p5,161,307,0.07311001
CWLD_water_off_aq0p5,162,308,0.08452207
CWLD_water_off_aq0p5,163,309,0.07806106
CWLD_water_off_aq0p5,164,314,0.08211366
CWLD_water_off_aq0p5,165,315,0.09493034
CWLD_water_off_aq0p5,166,316,0.101676926
CWLD_water_off_aq0p5,167,317,0.11943622
CWLD_water_off_aq0p5,168,318,0.09988132
CWLD_water_off_aq0p5,169,319,0.12288165
CWLD_water_off_aq0p5,170,320,0.14773464
CWLD_water_off_aq0p5,171,321,0.17353371
CWLD_water_off_aq0p5,172,322,0.20165114
CWLD_water_off_aq0p5,173,336,0.09747902
CWLD_water_off_aq0p5,174,337,0.10517496
CWLD_water_off_aq0p5,175,338,0.10778625
CWLD_water_off_aq0p5,176,339,0.12639387
CWLD_water_off_aq0p5,177,340,0.108580425
CWLD_water_off_aq0p5,178,341,0.107382074
CWLD_water_off_aq0p5,179,342,0.14389914
CWLD_water_off_aq0p5,180,343,0.09090022
CWLD_water_off_aq0p5,181,348,0.09696797
CWLD_water_off_aq0p5,182,349,0.10025375
CWLD_water_off_aq0p5,183,350,0.09716898
CWLD_water_off_aq0p5,184,351,0.111470826
CWLD_water_off_aq0p5,185,355,0.09029494
CWLD_water_off_aq0p5,186,356,0.09182573
CWLD_water_off_aq0p5,187,357,0.08563887
CWLD_water_off_aq0p5,188,358,0.09197673
CWLD_water_off_aq0p5,189,359,0.09375567
CWLD_water_off_aq0p5,190,360,0.08925622
CWLD_water_off_aq0p5,191,361,0.07766446
CWLD_water_off_aq0p5,192,362,0.11605591
CWLD_water_off_aq0p5,193,367,0.079821676
CWLD_water_off_aq0p5,194,368,0.07799896
CWLD_water_off_aq0p5,195,369,0.07004498
CWLD_water_off_aq0p5,196,370,0.07493342
CWLD_water_off_aq0p5,197,374,0.06412984
CWLD_water_off_aq0p5,198,375,0.060652215
CWLD_water_off_aq0p5,199,376,0.060362697
CWLD_water_off_aq0p5,200,377,0.07765101
CWLD_water_off_aq0p5,201,378,0.069146015
CWLD_water_off_aq0p5,202,379,0.08279858
CWLD_water_off_aq0p5,203,380,0.091052204
CWLD_water_off_aq0p5,204,388,0.05244644
CWLD_water_off_aq0p5,205,389,0.05016393
CWLD_water_off_aq0p5,206,390,0.049254525
CWLD_water_off_aq0p5,207,391,0.05416837
CWLD_water_off_aq0p5,208,392,0.04908519
CWLD_water_off_aq0p5,209,393,0.056306902
CWLD_water_off_aq0p5,210,394,0.0521013
CWLD_water_off_aq0p5,211,395,0.058974102
CWLD_water_off_aq0p5,212,407,0.05090223
CWLD_water_off_aq0p5,213,408,0.05312756
CWLD_water_off_aq0p5,214,409,0.04710919
CWLD_water_off_aq0p5,215,410,0.046323724
CWLD_water_off_aq0p5,216,411,0.06304032
CWLD_water_off_aq0p5,217,412,0.07289737
CWLD_water_off_aq0p5,218,413,0.06684167
CWLD_water_off_aq0p5,219,421,0.051249504
CWLD_water_off_aq0p5,220,422,0.050030313
CWLD_water_off_aq0p5,221,423,0.04774256
CWLD_water_off_aq0p5,222,424,0.0522139
CWLD_water_off_aq0p5,223,425,0.060176216
CWLD_water_off_aq0p5,224,426,0.06799308
CWLD_water_off_aq0p5,225,427,0.06896708
CWLD_water_off_aq0p5,226,435,0.05085183
CWLD_water_off_aq0p5,227,436,0.054434933
CWLD_water_off_aq0p5,228,437,0.04800976
CWLD_water_off_aq0p5,229,438,0.05043753
CWLD_water_off_aq0p5,230,439,0.06631091
CWLD_water_off_aq0p5,231,440,0.07805092
CWLD_water_off_aq0p5,232,441,0.111590594
CWLD_water_off_aq0p5,233,442,0.12584843
CWLD_water_off_aq0p5,234,443,0.20628466
CWLD_water_off_aq0p5,235,457,0.047683604
CWLD_water_off_aq0p5,236,458,0.047284164
CWLD_water_off_aq0p5,237,459,0.045665804
CWLD_water_off_aq0p5,238,460,0.051305503
CWLD_water_off_aq0p5,239,461,0.05152175
CWLD_water_off_aq0p5,240,462,0.06382254
CWLD_water_off_aq0p5,241,463,0.064854965
CWLD_water_off_aq0p5,242,464,0.09152826
CWLD_water_off_aq0p5,243,465,0.07169177
CWLD_water_off_aq0p5,244,472,0.044688035
CWLD_water_off_aq0p5,245,473,0.045504615
CWLD_water_off_aq0p5,246,474,0.044021226
CWLD_water_off_aq0p5,247,475,0.04851273
CWLD_water_off_aq0p5,248,476,0.053807143
CWLD_water_off_aq0p5,249,477,0.07188613
CWLD_water_off_aq0p5,250,478,0.08226869
CWLD_water_off_aq0p5,251,479,0.08637774
CWLD_water_off_aq0p5,252,491,0.04516548
CWLD_water_off_aq0p5,253,492,0.046615314
CWLD_water_off_aq0p5,254,493,0.042378668
CWLD_water_off_aq0p5,255,494,0.047773834
CWLD_water_off_aq0p5,256,498,0.042032566
CWLD_water_off_aq0p5,257,499,0.044903893
CWLD_water_off_aq0p5,258,500,0.04729042
CWLD_water_off_aq0p5,259,501,0.057360493
CWLD_water_off_aq0p5,260,502,0.0518838
CWLD_water_off_aq0p5,261,503,0.06472734
CWLD_water_off_aq0p5,262,504,0.059238985
CWLD_water_off_aq0p5,263,512,0.04366789
CWLD_water_off_aq0p5,264,513,0.047064126
CWLD_water_off_aq0p5,265,514,0.0470741
CWLD_water_off_aq0p5,266,515,0.053156443
CWLD_water_off_aq0p5,267,516,0.052056514
CWLD_water_off_aq0p5,268,517,0.06579391
CWLD_water_off_aq0p5,269,518,0.058967315
CWLD_water_off_aq0p5,270,528,0.048258465
CWLD_water_off_aq0p5,271,529,0.055163972
CWLD_water_off_aq0p5,272,530,0.05925877
CWLD_water_off_aq0p5,273,531,0.06839266
CWLD_water_off_aq0p5,274,532,0.060313612
CWLD_water_off_aq0p5,275,533,0.06981542
CWLD_water_off_aq0p5,276,534,0.08653677
CWLD_water_off_aq0p5,277,535,0.098739475
CWLD_water_off_aq0p5,278,545,0.059608974
CWLD_water_off_aq0p5,279,546,0.067981645
CWLD_water_off_aq0p5,280,547,0.065745495
CWLD_water_off_aq0p5,281,548,0.07494088
CWLD_water_off_aq0p5,282,549,0.075015955
CWLD_water_off_aq0p5,283,550,0.14121595
CWLD_water_off_aq0p5,284,551,0.17261353
CWLD_water_off_aq0p5,285,552,0.18826719
CWLD_water_off_aq0p5,286,553,0.23239782
CWLD_water_off_aq0p5,287,554,0.2626861
CWLD_water_off_aq0p5,288,555,0.28869352
CWLD_water_off_aq0p5,289,569,0.059620585
CWLD_water_off_aq0p5,290,570,0.062490802
CWLD_water_off_aq0p5,291,571,0.062587984
CWLD_water_off_aq0p5,292,572,0.07411434
CWLD_water_off_aq0p5,293,573,0.067461625
CWLD_water_off_aq0p5,294,574,0.07900106
CWLD_water_off_aq0p5,295,580,0.06025103
CWLD_water_off_aq0p5,296,581,0.06524485
CWLD_water_off_aq0p5,297,582,0.07917991
CWLD_water_off_aq0p5,298,583,0.09779203
CWLD_water_off_aq0p5,299,584,0.065046474
CWLD_water_off_aq0p5,300,585,0.06469218
CWLD_water_off_aq0p5,301,586,0.074046195
CWLD_water_off_aq0p5,302,587,0.07662867
CWLD_water_off_aq0p5,303,599,0.08001815
CWLD_water_off_aq0p5,304,600,0.091067284
CWLD_water_off_aq0p5,305,601,0.08704145
CWLD_water_off_aq0p5,306,602,0.11332278
CWLD_water_off_aq0p5,307,606,0.07610369
CWLD_water_off_aq0p5,308,607,0.078183465
CWLD_water_off_aq0p5,309,608,0.073502935
CWLD_water_off_aq0p5,310,609,0.092780456
CWLD_water_off_aq0p5,311,610,0.090026274
CWLD_water_off_aq0p5,312,611,0.09521659
CWLD_water_off_aq0p5,313,612,0.1091309
CWLD_water_off_aq0p5,314,613,0.15525629
CWLD_water_off_aq0p5,315,614,0.17045681
CWLD_water_off_aq0p5,316,623,0.06943526
CWLD_water_off_aq0p5,317,624,0.06677573
CWLD_water_off_aq0p5,318,625,0.073081575
CWLD_water_off_aq0p5,319,626,0.095183924
CWLD_water_off_aq0p5,320,627,0.0902259
CWLD_water_off_aq0p5,321,628,0.11147227
CWLD_water_off_aq0p5,322,629,0.15110275
CWLD_water_off_aq0p5,323,630,0.14783649
CWLD_water_off_aq0p5,324,637,0.08891616
CWLD_water_off_aq0p5,325,638,0.112252735
CWLD_water_off_aq0p5,326,639,0.09884123
CWLD_water_off_aq0p5,327,640,0.11642484
CWLD_water_off_aq0p5,328,641,0.1508698
CWLD_water_off_aq0p5,329,642,0.1478838
CWLD_water_off_aq0p5,330,643,0.11384123
CWLD_water_off_aq0p5,331,651,0.0940048
CWLD_water_off_aq0p5,332,652,0.08941247
CWLD_water_off_aq0p5,333,653,0.07748883
CWLD_water_off_aq0p5,334,654,0.072267845
CWLD_water_off_aq0p5,335,655,0.110155486
CWLD_water_off_aq0p5,336,656,0.123265274
CWLD_water_off_aq0p5,337,657,0.13521583
CWLD_water_off_aq0p5,338,665,0.08391628
CWLD_water_off_aq0p5,339,666,0.08152605
CWLD_water_off_aq0p5,340,667,0.07334614
CWLD_water_off_aq0p5,341,668,0.06853454
CWLD_water_off_aq0p5,342,669,0.09962434
CWLD_water_off_aq0p5,343,670,0.11604483
CWLD_water_off_aq0p5,344,671,0.14914773
CWLD_water_off_aq0p5,345,672,0.19212893
CWLD_water_off_aq0p5,346,673,0.21138139
CWLD_water_off_aq0p5,347,680,0.07960141
CWLD_water_off_aq0p5,348,681,0.081921056
CWLD_water_off_aq0p5,349,682,0.07493451
CWLD_water_off_aq0p5,350,683,0.07471966
CWLD_water_off_aq0p5,351,684,0.10035187
CWLD_water_off_aq0p5,352,690,0.07684254
CWLD_water_off_aq0p5,353,691,0.07385771
CWLD_water_off_aq0p5,354,692,0.06357914
CWLD_water_off_aq0p5,355,693,0.06512706
CWLD_water_off_aq0p5,356,694,0.08170722
CWLD_water_off_aq0p5,357,695,0.10003828
CWLD_water_off_aq0p5,358,696,0.12026884
CWLD_water_off_aq0p5,359,697,0.15604965
CWLD_water_off_aq0p5,360,698,0.1834042
CWLD_water_off_aq0p5,361,705,0.05841894
CWLD_water_off_aq0p5,362,706,0.052022956
CWLD_water_off_aq0p5,363,707,0.04936117
CWLD_water_off_aq0p5,364,708,0.052469037
CWLD_water_off_aq0p5,365,709,0.057295706
CWLD_water_off_aq0p5,366,710,0.08177191
CWLD_water_off_aq0p5,367,711,0.1389104
CWLD_water_off_aq0p5,368,712,0.14636876
CWLD_water_off_aq0p5,369,724,0.05703461
CWLD_water_off_aq0p5,370,725,0.061180275
CWLD_water_off_aq0p5,371,726,0.060555235
CWLD_water_off_aq0p5,372,727,0.065091684
CWLD_water_off_aq0p5,373,728,0.07050924
CWLD_water_off_aq0p5,374,729,0.08350371
CWLD_water_off_aq0p5,375,730,0.105459794
CWLD_water_off_aq0p5,376,731,0.13577777
CWLD_water_off_aq0p5,377,732,0.13179228
CWLD_water_off_aq0p5,378,741,0.06272886
CWLD_water_off_aq0p5,379,742,0.06521015
CWLD_water_off_aq0p5,380,743,0.05578951
CWLD_water_off_aq0p5,381,744,0.059832312
CWLD_water_off_aq0p5,382,745,0.08029231
CWLD_water_off_aq0p5,383,746,0.096693635
CWLD_water_off_aq0p5,384,747,0.10562766
CWLD_water_off_aq0p5,385,748,0.11458494
CWLD_water_off_aq0p5,386,753,0.051159345
CWLD_water_off_aq0p5,387,754,0.049425967
CWLD_water_off_aq0p5,388,755,0.04525117
CWLD_water_off_aq0p5,389,756,0.052025985
CWLD_water_off_aq0p5,390,757,0.051338844
CWLD_water_off_aq0p5,391,758,0.09675323
CWLD_water_off_aq0p5,392,759,0.079806544
CWLD_water_off_aq0p5,393,760,0.12847202
CWLD_water_off_aq0p5,394,770,0.04777743
CWLD_water_off_aq0p5,395,771,0.052908443
CWLD_water_off_aq0p5,396,772,0.05454164
CWLD_water_off_aq0p5,397,773,0.0576294
CWLD_water_off_aq0p5,398,774,0.0695855
CWLD_water_off_aq0p5,399,775,0.087470286
CWLD_water_off_aq0p5,400,776,0.07764884
CWLD_water_off_aq0p5,401,777,0.08588386
CWLD_water_off_aq0p5,402,789,0.057672244
CWLD_water_off_aq0p5,403,790,0.06526052
CWLD_water_off_aq0p5,404,791,0.06526337
CWLD_water_off_aq0p5,405,792,0.077499904
CWLD_water_off_aq0p5,406,793,0.07565195
CWLD_water_off_aq0p5,407,794,0.088052765
CWLD_water_off_aq0p5,408,795,0.14148237
CWLD_water_off_aq0p5,409,796,0.113893025
CWLD_water_off_aq0p5,410,803,0.058239944
CWLD_water_off_aq0p5,411,804,0.060656153
CWLD_water_off_aq0p5,412,805,0.05796948
CWLD_water_off_aq0p5,413,806,0.07534387
CWLD_water_off_aq0p5,414,807,0.06425852
CWLD_water_off_aq0p5,415,808,0.12530681
CWLD_water_off_aq0p5,416,809,0.1216506
CWLD_water_off_aq0p5,417,810,0.14737917
CWLD_water_off_aq0p5,418,811,0.18627168
CWLD_water_off_aq0p5,419,818,0.05605057
CWLD_water_off_aq0p5,420,819,0.05832208
CWLD_water_off_aq0p5,421,820,0.05855274
CWLD_water_off_aq0p5,422,821,0.068103194
CWLD_water_off_aq0p5,423,822,0.056503803
CWLD_water_off_aq0p5,424,823,0.060887642
CWLD_water_off_aq0p5,425,824,0.06972938
CWLD_water_off_aq0p5,426,834,0.0560359
CWLD_water_off_aq0p5,427,835,0.059286427
CWLD_water_off_aq0p5,428,836,0.06785581
CWLD_water_off_aq0p5,429,837,0.08849811
CWLD_water_off_aq0p5,430,838,0.066401325
CWLD_water_off_aq0p5,431,839,0.08357799
CWLD_water_off_aq0p5,432,840,0.08895079
CWLD_water_off_aq0p5,433,841,0.11163469
CWLD_water_off_aq0p5,434,846,0.08692373
CWLD_water_off_aq0p5,435,847,0.09366801
CWLD_water_off_aq0p5,436,848,0.093967184
CWLD_water_off_aq0p5,437,849,0.111419015
CWLD_water_off_aq0p5,438,850,0.107130595
CWLD_water_off_aq0p5,439,856,0.09903683
CWLD_water_off_aq0p5,440,857,0.10344152
CWLD_water_off_aq0p5,441,858,0.10730107
CWLD_water_off_aq0p5,442,859,0.12306201
CWLD_water_off_aq0p5,443,860,0.10513781
CWLD_water_off_aq0p5,444,861,0.13441381
CWLD_water_off_aq0p5,445,862,0.18017766
CWLD_water_off_aq0p5,446,863,0.15318811
CWLD_water_off_aq0p5,447,868,0.102952905
CWLD_water_off_aq0p5,448,869,0.1100296
CWLD_water_off_aq0p5,449,870,0.10044665
CWLD_water_off_aq0p5,450,871,0.10900874
CWLD_water_off_aq0p5,451,875,0.091101974
CWLD_water_off_aq0p5,452,876,0.09052319
CWLD_water_off_aq0p5,453,877,0.08728251
CWLD_water_off_aq0p5,454,878,0.10057073
CWLD_water_off_aq0p5,455,879,0.09115645
CWLD_water_off_aq0p5,456,880,0.0902614
CWLD_water_off_aq0p5,457,881,0.113470934
CWLD_water_off_aq0p5,458,882,0.09811401
CWLD_water_off_aq0p5,459,889,0.08362324
CWLD_water_off_aq0p5,460,890,0.08388715
CWLD_water_off_aq0p5,461,891,0.07159928
CWLD_water_off_aq0p5,462,892,0.07144329
CWLD_water_off_aq0p5,463,896,0.068243206
CWLD_water_off_aq0p5,464,897,0.06217765
CWLD_water_off_aq0p5,465,898,0.06299266
CWLD_water_off_aq0p5,466,899,0.07073147
CWLD_water_off_aq0p5,467,900,0.062464908
CWLD_water_off_aq0p5,468,901,0.07121748
CWLD_water_off_aq0p5,469,902,0.06956951
CWLD_water_off_aq0p5,470,910,0.059847895
CWLD_water_off_aq0p5,471,911,0.05821532
CWLD_water_off_aq0p5,472,912,0.06314168
CWLD_water_off_aq0p5,473,913,0.06244641
CWLD_water_off_aq0p5,474,914,0.054578032
CWLD_water_off_aq0p5,475,915,0.05874198
CWLD_water_off_aq0p5,476,916,0.060332995
CWLD_water_off_aq0p5,477,917,0.061223388
CWLD_water_off_aq0p5,478,929,0.0835015
CWLD_water_off_aq0p5,479,930,0.08724169
CWLD_water_off_aq0p5,480,931,0.08702033
CWLD_water_off_aq0p5,481,932,0.0889917
CWLD_water_off_aq0p5,482,933,0.090002544
CWLD_water_off_aq0p5,483,934,0.090266846
CWLD_water_off_aq0p5,484,935,0.09059503
CWLD_water_off_aq0p5,485,936,0.09858548
CWLD_water_off_aq0p5,486,941,0.0882847
CWLD_water_off_aq0p5,487,942,0.08870741
CWLD_water_off_aq0p5,488,943,0.08625854
CWLD_water_off_aq0p5,489,944,0.08687966
CWLD_water_off_aq0p5,490,945,0.09354216
CWLD_water_off_aq0p5,491,946,0.10095313
CWLD_water_off_aq0p5,492,947,0.117073596
CWLD_water_off_aq0p5,493,948,0.13355793
CWLD_water_off_aq0p5,494,949,0.1261278
CWLD_water_off_aq0p5,495,950,0.15275203
CWLD_water_off_aq0p5,496,951,0.1337037
CWLD_water_off_aq0p5,497,961,0.08688907
CWLD_water_off_aq0p5,498,962,0.088443875
CWLD_water_off_aq0p5,499,963,0.08105517
CWLD_water_off_aq0p5,500,964,0.08411622
CWLD_water_off_aq0p5,501,965,0.097233176
CWLD_water_off_aq0p5,502,966,0.0958172
CWLD_water_off_aq0p5,503,967,0.09066877
CWLD_water_off_aq0p5,504,975,0.076304354
CWLD_water_off_aq0p5,505,976,0.07009603
CWLD_water_off_aq0p5,506,977,0.06960506
CWLD_water_off_aq0p5,507,978,0.06774185
CWLD_water_off_aq0p5,508,979,0.07340238
CWLD_water_off_aq0p5,509,980,0.0943424
CWLD_water_off_aq0p5,510,981,0.081478424
CWLD_water_off_aq0p5,511,982,0.07596052
CWLD_water_off_aq0p5,512,983,0.09435817
CWLD_water_off_aq0p5,513,990,0.07826427
CWLD_water_off_aq0p5,514,991,0.08214934
CWLD_water_off_aq0p5,515,992,0.08335237
CWLD_water_off_aq0p5,516,993,0.08358229
CWLD_water_off_aq0p5,517,994,0.09583296
CWLD_water_off_aq0p5,518,995,0.08028308
CWLD_water_off_aq0p5,519,996,0.08830802
CWLD_water_off_aq0p5,520,997,0.07841189
CWLD_water_off_aq0p5,521,998,0.09442235
CWLD_water_off_aq0p5,522,999,0.077257134
CWLD_water_off_aq0p5,523,1000,0.08675706
CWLD_water_off_aq0p5,524,1010,0.09122118
CWLD_water_off_aq0p5,525,1011,0.09606801
CWLD_water_off_aq0p5,526,1012,0.09173478
CWLD_water_off_aq0p5,527,1013,0.11070892
CWLD_water_off_aq0p5,528,1014,0.10323001
CWLD_water_off_aq0p5,529,1015,0.13197039
CWLD_water_off_aq0p5,530,1016,0.22774321
CWLD_water_off_aq0p5,531,1017,0.1047349
CWLD_water_off_aq0p5,532,1029,0.07748588
CWLD_water_off_aq0p5,533,1030,0.07380762
CWLD_water_off_aq0p5,534,1031,0.07562078
CWLD_water_off_aq0p5,535,1032,0.08726766
CWLD_water_off_aq0p5,536,1033,0.073020086
CWLD_water_off_aq0p5,537,1034,0.08407688
CWLD_water_off_aq0p5,538,1035,0.079474114
CWLD_water_off_aq0p5,539,1043,0.07447692
CWLD_water_off_aq0p5,540,1044,0.07805144
CWLD_water_off_aq0p5,541,1045,0.09008999
CWLD_water_off_aq0p5,542,1046,0.101895005
CWLD_water_off_aq0p5,543,1047,0.08223639
CWLD_water_off_aq0p5,544,1048,0.104599796
CWLD_water_off_aq0p5,545,1049,0.13988876
CWLD_water_off_aq0p5,546,1050,0.1244512
CWLD_water_off_aq0p5,547,1060,0.0981255
CWLD_water_off_aq0p5,548,1061,0.12075007
CWLD_water_off_aq0p5,549,1062,0.13295543
CWLD_water_off_aq0p5,550,1063,0.15261146
CWLD_water_off_aq0p5,551,1064,0.13944384
CWLD_water_off_aq0p5,552,1065,0.14963047
CWLD_water_off_aq0p5,553,1066,0.1876894
CWLD_water_off_aq0p5,554,1067,0.19383967
CWLD_water_off_aq0p5,555,1077,0.12736057
CWLD_water_off_aq0p5,556,1078,0.14279716
CWLD_water_off_aq0p5,557,1079,0.14553924
CWLD_water_off_aq0p5,558,1080,0.1632199
CWLD_water_off_aq0p5,559,1081,0.14357837
CWLD_water_off_aq0p5,560,1087,0.13226846
CWLD_water_off_aq0p5,561,1088,0.13484304
CWLD_water_off_aq0p5,562,1089,0.13228832
CWLD_water_off_aq0p5,563,1090,0.14599133
CWLD_water_off_aq0p5,564,1091,0.12966943
CWLD_water_off_aq0p5,565,1092,0.13723946
CWLD_water_off_aq0p5,566,1093,0.16351326
CWLD_water_off_aq0p5,567,1094,0.17689882
CWLD_water_off_aq0p5,568,1095,0.2063807
CWLD_water_off_aq0p5,569,1096,0.24919778
CWLD_water_off_aq0p5,570,1097,0.2550204
CWLD_water_off_aq0p5,571,1111,0.12569267
CWLD_water_off_aq0p5,572,1112,0.1287208
CWLD_water_off_aq0p5,573,1113,0.13977328
CWLD_water_off_aq0p5,574,1114,0.1550137
CWLD_water_off_aq0p5,575,1115,0.12387797
CWLD_water_off_aq0p5,576,1116,0.12069168
CWLD_water_off_aq0p5,577,1117,0.14729579
CWLD_water_off_aq0p5,578,1118,0.22767116
CWLD_water_off_aq0p5,579,1119,0.2672382
CWLD_water_off_aq0p5,580,1133,0.13799088
CWLD_water_off_aq0p5,581,1134,0.14808045
CWLD_water_off_aq0p5,582,1135,0.15583988
CWLD_water_off_aq0p5,583,1136,0.17059508
CWLD_water_off_aq0p5,584,1137,0.15297788
CWLD_water_off_aq0p5,585,1138,0.15969062
CWLD_water_off_aq0p5,586,1139,0.16265629
CWLD_water_off_aq0p5,587,1140,0.19929188
CWLD_water_off_aq0p5,588,1150,0.15985434
CWLD_water_off_aq0p5,589,1151,0.16767259
CWLD_water_off_aq0p5,590,1152,0.182411
CWLD_water_off_aq0p5,591,1153,0.20853184
CWLD_water_off_aq0p5,592,1154,0.17235282
CWLD_water_off_aq0p5,593,1155,0.17733182
CWLD_water_off_aq0p5,594,1156,0.19182439
CWLD_water_off_aq0p5,595,1157,0.23970325
CWLD_water_off_aq0p5,596,1158,0.26481825
CWLD_water_off_aq0p5,597,1172,0.20558451
CWLD_water_off_aq0p5,598,1173,0.23996049
CWLD_water_off_aq0p5,599,1174,0.24278288
CWLD_water_off_aq0p5,600,1175,0.2833893
CWLD_water_off_aq0p5,601,1176,0.26565537
CWLD_water_off_aq0p5,602,1177,0.3183743
CWLD_water_off_aq0p5,603,1178,0.37709597
CWLD_water_off_aq0p5,604,1179,0.34591764
CWLD_water_off_aq0p5,605,1184,0.22026515
CWLD_water_off_aq0p5,606,1185,0.24732128
CWLD_water_off_aq0p5,607,1186,0.22511931
CWLD_water_off_aq0p5,608,1187,0.26040724
CWLD_water_off_aq0p5,609,1188,0.30260384
CWLD_water_off_aq0p5,610,1189,0.31513748
CWLD_water_off_aq0p5,611,1190,0.3476165
CWLD_water_off_aq0p5,612,1198,0.18319409
CWLD_water_off_aq0p5,613,1199,0.17349847
CWLD_water_off_aq0p5,614,1200,0.14134426
CWLD_water_off_aq0p5,615,1201,0.17363623
CWLD_water_off_aq0p5,616,1202,0.19112729
CWLD_water_off_aq0p5,617,1203,0.24702792
CWLD_water_off_aq0p5,618,1204,0.2919461
CWLD_water_off_aq0p5,619,1205,0.26525265
CWLD_water_off_aq0p5,620,1210,0.12712117
CWLD_water_off_aq0p5,621,1211,0.14016959
CWLD_water_off_aq0p5,622,1212,0.13605535
CWLD_water_off_aq0p5,623,1213,0.14260523
CWLD_water_off_aq0p5,624,1214,0.17446479
CWLD_water_off_aq0p5,625,1215,0.2690601
CWLD_water_off_aq0p5,626,1221,0.14295487
CWLD_water_off_aq0p5,627,1222,0.16299963
CWLD_water_off_aq0p5,628,1223,0.13661033
CWLD_water_off_aq0p5,629,1224,0.17684102
CWLD_water_off_aq0p5,630,1225,0.19664165
CWLD_water_off_aq0p5,631,1226,0.2329607
CWLD_water_off_aq0p5,632,1227,0.2714074
CWLD_water_off_aq0p5,633,1228,0.29147497
CWLD_water_off_aq0p5,634,1229,0.3161264
CWLD_water_off_aq0p5,635,1236,0.09895861
CWLD_water_off_aq0p5,636,1237,0.10779242
CWLD_water_off_aq0p5,637,1238,0.09537348
CWLD_water_off_aq0p5,638,1239,0.09617394
CWLD_water_off_aq0p5,639,1240,0.16224976
CWLD_water_off_aq0p5,640,1241,0.19850874
CWLD_water_off_aq0p5,641,1242,0.2655687
CWLD_water_off_aq0p5,642,1243,0.31082782
CWLD_water_off_aq0p5,643,1244,0.31329778
CWLD_water_off_aq0p5,644,1251,0.09039231
CWLD_water_off_aq0p5,645,1252,0.08963839
CWLD_water_off_aq0p5,646,1253,0.07688006
CWLD_water_off_aq0p5,647,1254,0.080945775
CWLD_water_off_aq0p5,648,1255,0.09984671
CWLD_water_off_aq0p5,649,1256,0.12050133
CWLD_water_off_aq0p5,650,1257,0.17756496
CWLD_water_off_aq0p5,651,1258,0.21456356
CWLD_water_off_aq0p5,652,1259,0.22869627
CWLD_water_off_aq0p5,653,1266,0.069010645
CWLD_water_off_aq0p5,654,1267,0.06297074
CWLD_water_off_aq0p5,655,1268,0.0631214
CWLD_water_off_aq0p5,656,1269,0.06774965
CWLD_water_off_aq0p5,657,1270,0.062545486
CWLD_water_off_aq0p5,658,1271,0.12697446
CWLD_water_off_aq0p5,659,1272,0.12040867
CWLD_water_off_aq0p5,660,1273,0.13800451
CWLD_water_off_aq0p5,661,1285,0.06276404
CWLD_water_off_aq0p5,662,1286,0.061099347
CWLD_water_off_aq0p5,663,1287,0.05704766
CWLD_water_off_aq0p5,664,1288,0.05927995
CWLD_water_off_aq0p5,665,1289,0.07262452
CWLD_water_off_aq0p5,666,1290,0.0809609
CWLD_water_off_aq0p5,667,1291,0.1181146
CWLD_water_off_aq0p5,668,1292,0.13614795
CWLD_water_off_aq0p5,669,1293,0.18041381
CWLD_water_off_aq0p5,670,1294,0.22644888
CWLD_water_off_aq0p5,671,1295,0.20311047
CWLD_water_off_aq0p5,672,1309,0.059136085
CWLD_water_off_aq0p5,673,1310,0.05927523
CWLD_water_off_aq0p5,674,1311,0.057206377
CWLD_water_off_aq0p5,675,1312,0.058041845
CWLD_water_off_aq0p5,676,1313,0.06628865
CWLD_water_off_aq0p5,677,1314,0.08593709
CWLD_water_off_aq0p5,678,1315,0.08498192
CWLD_water_off_aq0p5,679,1316,0.13098373
CWLD_water_off_aq0p5,680,1317,0.11100582
CWLD_water_off_aq0p5,681,1324,0.06031296
CWLD_water_off_aq0p5,682,1325,0.06288524
CWLD_water_off_aq0p5,683,1326,0.058392655
CWLD_water_off_aq0p5,684,1327,0.0627171
CWLD_water_off_aq0p5,685,1328,0.07313195
CWLD_water_off_aq0p5,686,1334,0.053920466
CWLD_water_off_aq0p5,687,1335,0.050523434
CWLD_water_off_aq0p5,688,1336,0.051757853
CWLD_water_off_aq0p5,689,1337,0.05870421
CWLD_water_off_aq0p5,690,1338,0.051415514
CWLD_water_off_aq0p5,691,1339,0.052247383
CWLD_water_off_aq0p5,692,1340,0.055359587
CWLD_water_off_aq0p5,693,1341,0.060195427
CWLD_water_off_aq0p5,694,1342,0.06363921
CWLD_water_off_aq0p5,695,1343,0.06864504
CWLD_water_off_aq0p5,696,1344,0.06940166
CWLD_water_off_aq0p5,697,1354,0.05184268
CWLD_water_off_aq0p5,698,1355,0.05593516
CWLD_water_off_aq0p5,699,1356,0.0601904
CWLD_water_off_aq0p5,700,1357,0.0718168
CWLD_water_off_aq0p5,701,1358,0.059907466
CWLD_water_off_aq0p5,702,1359,0.07431255
CWLD_water_off_aq0p5,703,1360,0.10694267
CWLD_water_off_aq0p5,704,1361,0.17279795
CWLD_water_off_aq0p5,705,1362,0.22940366
CWLD_water_off_aq0p5,706,1363,0.23535608
CWLD_water_off_aq0p5,707,1364,0.3310324
CWLD_water_off_aq0p5,708,1378,0.060341466
CWLD_water_off_aq0p5,709,1379,0.06465741
CWLD_water_off_aq0p5,710,1380,0.065934785
CWLD_water_off_aq0p5,711,1381,0.074226685
CWLD_water_off_aq0p5,712,1382,0.068059534
CWLD_water_off_aq0p5,713,1383,0.07949104
CWLD_water_off_aq0p5,714,1384,0.079368785
CWLD_water_off_aq0p5,715,1394,0.063998714
CWLD_water_off_aq0p5,716,1395,0.06855403
CWLD_water_off_aq0p5,717,1396,0.071274504
CWLD_water_off_aq0p5,718,1397,0.083062574
CWLD_water_off_aq0p5,719,1398,0.07060829
CWLD_water_off_aq0p5,720,1399,0.06987573
CWLD_water_off_aq0p5,721,1400,0.07604507
CWLD_water_off_aq0p5,722,1401,0.07246976
CWLD_water_off_aq0p5,723,1402,0.08094961
CWLD_water_off_aq0p5,724,1403,0.07899842
CWLD_water_off_aq0p5,725,1404,0.080740295
CWLD_water_off_aq0p5,726,1414,0.065673865
CWLD_water_off_aq0p5,727,1415,0.0630674
CWLD_water_off_aq0p5,728,1416,0.069942966
CWLD_water_off_aq0p5,729,1417,0.07896977
CWLD_water_off_aq0p5,730,1418,0.061036415
CWLD_water_off_aq0p5,731,1419,0.060773574
CWLD_water_off_aq0p5,732,1420,0.061104566
CWLD_water_off_aq0p5,733,1421,0.0714547
CWLD_water_off_aq0p5,734,1426,0.07390106
CWLD_water_off_aq0p5,735,1427,0.08579723
CWLD_water_off_aq0p5,736,1428,0.083064795
CWLD_water_off_aq0p5,737,1429,0.10017676
CWLD_water_off_aq0p5,738,1430,0.09591267
CWLD_water_off_aq0p5,739,1431,0.10985886
CWLD_water_off_aq0p5,740,1432,0.11718357
CWLD_water_off_aq0p5,741,1433,0.14649911
CWLD_water_off_aq0p5,742,1434,0.16731249
CWLD_water_off_aq0p5,743,1448,0.069884844
CWLD_water_off_aq0p5,744,1449,0.074358046
CWLD_water_off_aq0p5,745,1450,0.0820618
CWLD_water_off_aq0p5,746,1451,0.09293083
CWLD_water_off_aq0p5,747,1452,0.07113474
CWLD_water_off_aq0p5,748,1453,0.062666215
CWLD_water_off_aq0p5,749,1454,0.06047172
CWLD_water_off_aq0p5,750,1455,0.07006947
CWLD_water_off_aq0p5,751,1460,0.08094627
CWLD_water_off_aq0p5,752,1461,0.08950568
CWLD_water_off_aq0p5,753,1462,0.08557256
CWLD_water_off_aq0p5,754,1463,0.09709451
CWLD_water_off_aq0p5,755,1467,0.07635451
CWLD_water_off_aq0p5,756,1468,0.07696626
CWLD_water_off_aq0p5,757,1469,0.07267902
CWLD_water_off_aq0p5,758,1470,0.07876115
CWLD_water_off_aq0p5,759,1471,0.07724584
CWLD_water_off_aq0p5,760,1472,0.07014614
CWLD_water_off_aq0p5,761,1473,0.087063655
CWLD_water_off_aq0p5,762,1474,0.060705625
CWLD_water_off_aq0p5,763,1481,0.0667679
CWLD_water_off_aq0p5,764,1482,0.06420883
CWLD_water_off_aq0p5,765,1483,0.057131514
CWLD_water_off_aq0p5,766,1484,0.06420344
CWLD_water_off_aq0p5,767,1488,0.0537345
CWLD_water_off_aq0p5,768,1489,0.048344966
CWLD_water_off_aq0p5,769,1490,0.04392323
CWLD_water_off_aq0p5,770,1491,0.04854214
CWLD_water_off_aq0p5,771,1492,0.05420765
CWLD_water_off_aq0p5,772,1493,0.081137024
CWLD_water_off_aq0p5,773,1494,0.10065785
CWLD_water_off_aq0p5,774,1495,0.10976413
CWLD_water_off_aq0p5,775,1496,0.13668987
CWLD_water_off_aq0p5,776,1497,0.1423004
CWLD_water_off_aq0p5,777,1498,0.1532349
CWLD_water_off_aq0p5,778,1499,0.19170173
CWLD_water_off_aq0p5,779,1509,0.04830823
CWLD_water_off_aq0p5,780,1510,0.04176068
CWLD_water_off_aq0p5,781,1511,0.041991938
CWLD_water_off_aq0p5,782,1512,0.049662493
CWLD_water_off_aq0p5,783,1513,0.040835224
CWLD_water_off_aq0p5,784,1514,0.050648313
CWLD_water_off_aq0p5,785,1515,0.045512307
CWLD_water_off_aq0p5,786,1516,0.05910586
CWLD_water_off_aq0p5,787,1528,0.045341875
CWLD_water_off_aq0p5,788,1529,0.048546184
CWLD_water_off_aq0p5,789,1530,0.044334725
CWLD_water_off_aq0p5,790,1531,0.04392609
CWLD_water_off_aq0p5,791,1532,0.057039913
CWLD_water_off_aq0p5,792,1533,0.12596114
CWLD_water_off_aq0p5,793,1539,0.051696416
CWLD_water_off_aq0p5,794,1540,0.051480465
CWLD_water_off_aq0p5,795,1541,0.047871433
CWLD_water_off_aq0p5,796,1542,0.05365575
CWLD_water_off_aq0p5,797,1543,0.060707934
CWLD_water_off_aq0p5,798,1549,0.047559965
CWLD_water_off_aq0p5,799,1550,0.049719997
CWLD_water_off_aq0p5,800,1551,0.04716268
CWLD_water_off_aq0p5,801,1552,0.055856954
CWLD_water_off_aq0p5,802,1553,0.058943845
CWLD_water_off_aq0p5,803,1559,0.04486337
CWLD_water_off_aq0p5,804,1560,0.045022942
CWLD_water_off_aq0p5,805,1561,0.047130093
CWLD_water_off_aq0p5,806,1562,0.052834913
CWLD_water_off_aq0p5,807,1563,0.04441062
CWLD_water_off_aq0p5,808,1564,0.052941624
CWLD_water_off_aq0p5,809,1565,0.046844322
CWLD_water_off_aq0p5,810,1566,0.050803587
CWLD_water_off_aq0p5,811,1567,0.057339493
CWLD_water_off_aq0p5,812,1574,0.046359487
CWLD_water_off_aq0p5,813,1575,0.050344273
CWLD_water_off_aq0p5,814,1576,0.05303239
CWLD_water_off_aq0p5,815,1577,0.058346473
CWLD_water_off_aq0p5,816,1578,0.055233
CWLD_water_off_aq0p5,817,1579,0.07512469
CWLD_water_off_aq0p5,818,1580,0.11190115
CWLD_water_off_aq0p5,819,1581,0.14470197
CWLD_water_off_aq0p5,820,1593,0.053023092
CWLD_water_off_aq0p5,821,1594,0.0558579
CWLD_water_off_aq0p5,822,1595,0.05644929
CWLD_water_off_aq0p5,823,1596,0.06274181
CWLD_water_off_aq0p5,824,1597,0.061889324
CWLD_water_off_aq0p5,825,1598,0.0785111
CWLD_water_off_aq0p5,826,1599,0.096184194
CWLD_water_off_aq0p5,827,1600,0.15825155
CWLD_water_off_aq0p5,828,1601,0.22833376
CWLD_water_off_aq0p5,829,1602,0.2729709
CWLD_water_off_aq0p5,830,1603,0.314745
CWLD_water_off_aq0p5,831,1617,0.054734536
CWLD_water_off_aq0p5,832,1618,0.056837402
CWLD_water_off_aq0p5,833,1619,0.057327826
CWLD_water_off_aq0p5,834,1620,0.06348103
CWLD_water_off_aq0p5,835,1621,0.06211069
CWLD_water_off_aq0p5,836,1622,0.07237533
CWLD_water_off_aq0p5,837,1623,0.110096335
CWLD_water_off_aq0p5,838,1624,0.11338437
CWLD_water_off_aq0p5,839,1625,0.11236135
CWLD_water_off_aq0p5,840,1626,0.105523884
CWLD_water_off_aq0p5,841,1634,0.05638462
CWLD_water_off_aq0p5,842,1635,0.05909277
CWLD_water_off_aq0p5,843,1636,0.060153674
CWLD_water_off_aq0p5,844,1637,0.064939044
CWLD_water_off_aq0p5,845,1638,0.064637564
CWLD_water_off_aq0p5,846,1639,0.11407959
CWLD_water_off_aq0p5,847,1640,0.10720942
CWLD_water_off_aq0p5,848,1650,0.061009645
CWLD_water_off_aq0p5,849,1651,0.06765515
CWLD_water_off_aq0p5,850,1652,0.07412099
CWLD_water_off_aq0p5,851,1653,0.08630432
CWLD_water_off_aq0p5,852,1654,0.06878162
CWLD_water_off_aq0p5,853,1655,0.09037235
CWLD_water_off_aq0p5,854,1656,0.14926873
CWLD_water_off_aq0p5,855,1657,0.18271378
CWLD_water_off_aq0p5,856,1667,0.07358387
CWLD_water_off_aq0p5,857,1668,0.08404311
CWLD_water_off_aq0p5,858,1669,0.086666584
CWLD_water_off_aq0p5,859,1670,0.0968532
CWLD_water_off_aq0p5,860,1671,0.090346254
CWLD_water_off_aq0p5,861,1672,0.109923884
CWLD_water_off_aq0p5,862,1673,0.08774551
CWLD_water_off_aq0p5,863,1681,0.08114619
CWLD_water_off_aq0p5,864,1682,0.08365177
CWLD_water_off_aq0p5,865,1683,0.09086536
CWLD_water_off_aq0p5,866,1684,0.10451481
CWLD_water_off_aq0p5,867,1685,0.07558502
CWLD_water_off_aq0p5,868,1686,0.076988354
CWLD_water_off_aq0p5,869,1687,0.0826932
CWLD_water_off_aq0p5,870,1688,0.08390671
CWLD_water_off_aq0p5,871,1695,0.08843374
CWLD_water_off_aq0p5,872,1696,0.09747185
CWLD_water_off_aq0p5,873,1697,0.112144
CWLD_water_off_aq0p5,874,1698,0.13223813
CWLD_water_off_aq0p5,875,1699,0.100754604
CWLD_water_off_aq0p5,876,1700,0.098086394
CWLD_water_off_aq0p5,877,1701,0.11980686
CWLD_water_off_aq0p5,878,1702,0.109767765
CWLD_water_off_aq0p5,879,1714,0.11150948
CWLD_water_off_aq0p5,880,1715,0.11991633
CWLD_water_off_aq0p5,881,1716,0.10076165
CWLD_water_off_aq0p5,882,1717,0.10846413
CWLD_water_off_aq0p5,883,1721,0.10005606
CWLD_water_off_aq0p5,884,1722,0.084358394
CWLD_water_off_aq0p5,885,1723,0.07367827
CWLD_water_off_aq0p5,886,1724,0.10616159
CWLD_water_off_aq0p5,887,1725,0.10971747
CWLD_water_off_aq0p5,888,1726,0.12434089
CWLD_water_off_aq0p5,889,1727,0.13912007
CWLD_water_off_aq0p5,890,1728,0.15144567
CWLD_water_off_aq0p5,891,1729,0.1916049
CWLD_water_off_aq0p5,892,1736,0.08063189
CWLD_water_off_aq0p5,893,1737,0.09915719
CWLD_water_off_aq0p5,894,1738,0.09850228
CWLD_water_off_aq0p5,895,1739,0.14064178
CWLD_water_off_aq0p5,896,1740,0.14733936
CWLD_water_off_aq0p5,897,1741,0.18845046
CWLD_water_off_aq0p5,898,1742,0.19849333
CWLD_water_off_aq0p5,899,1743,0.29320976
CWLD_water_off_aq0p5,900,1744,0.32810575
CWLD_water_off_aq0p5,901,1758,0.080537654
CWLD_water_off_aq0p5,902,1759,0.07377039
CWLD_water_off_aq0p5,903,1760,0.07803037
CWLD_water_off_aq0p5,904,1761,0.08932497
CWLD_water_off_aq0p5,905,1762,0.06917122
CWLD_water_off_aq0p5,906,1763,0.08243093
CWLD_water_off_aq0p5,907,1764,0.09724593
CWLD_water_off_aq0p5,908,1765,0.091117054
CWLD_water_off_aq0p5,909,1777,0.08003327
CWLD_water_off_aq0p5,910,1778,0.08541838
CWLD_water_off_aq0p5,911,1779,0.08035903
CWLD_water_off_aq0p5,912,1780,0.07818196
CWLD_water_off_aq0p5,913,1781,0.09659598
CWLD_water_off_aq0p5,914,1782,0.115842454
CWLD_water_off_aq0p5,915,1783,0.10474947
CWLD_water_off_aq0p5,916,1791,0.08524439
CWLD_water_off_aq0p5,917,1792,0.08764101
CWLD_water_off_aq0p5,918,1793,0.080094166
CWLD_water_off_aq0p5,919,1794,0.08143016
CWLD_water_off_aq0p5,920,1795,0.102706134
CWLD_water_off_aq0p5,921,1796,0.11854045
CWLD_water_off_aq0p5,922,1797,0.15269135
CWLD_water_off_aq0p5,923,1798,0.17791179
CWLD_water_off_aq0p5,924,1803,0.079517975
CWLD_water_off_aq0p5,925,1804,0.08186364
CWLD_water_off_aq0p5,926,1805,0.07328173
CWLD_water_off_aq0p5,927,1806,0.084520385
CWLD_water_off_aq0p5,928,1807,0.09713014
CWLD_water_off_aq0p5,929,1808,0.11912857
CWLD_water_off_aq0p5,930,1809,0.15277845
CWLD_water_off_aq0p5,931,1810,0.22203577
CWLD_water_off_aq0p5,932,1811,0.20799968
CWLD_water_off_aq0p5,933,1818,0.065112785
CWLD_water_off_aq0p5,934,1819,0.06639
CWLD_water_off_aq0p5,935,1820,0.059896592
CWLD_water_off_aq0p5,936,1821,0.064960524
CWLD_water_off_aq0p5,937,1822,0.077989675
CWLD_water_off_aq0p5,938,1823,0.0935819
CWLD_water_off_aq0p5,939,1824,0.11516321
CWLD_water_off_aq0p5,940,1825,0.12713036
CWLD_water_off_aq0p5,941,1826,0.15374494
CWLD_water_off_aq0p5,942,1833,0.059870042
CWLD_water_off_aq0p5,943,1834,0.059591245
CWLD_water_off_aq0p5,944,1835,0.056804385
CWLD_water_off_aq0p5,945,1836,0.05766132
CWLD_water_off_aq0p5,946,1837,0.06700704
CWLD_water_off_aq0p5,947,1838,0.077000335
CWLD_water_off_aq0p5,948,1839,0.080026984
CWLD_water_off_aq0p5,949,1849,0.06224273
CWLD_water_off_aq0p5,950,1850,0.06697721
CWLD_water_off_aq0p5,951,1851,0.06304148
CWLD_water_off_aq0p5,952,1852,0.06693332
CWLD_water_off_aq0p5,953,1853,0.0787795
CWLD_water_off_aq0p5,954,1854,0.0947651
CWLD_water_off_aq0p5,955,1855,0.14464605
CWLD_water_off_aq0p5,956,1856,0.14459078
CWLD_water_off_aq0p5,957,1861,0.062144388
CWLD_water_off_aq0p5,958,1862,0.0637079
CWLD_water_off_aq0p5,959,1863,0.05684318
CWLD_water_off_aq0p5,960,1864,0.05818533
CWLD_water_off_aq0p5,961,1865,0.07353911
CWLD_water_off_aq0p5,962,1866,0.12552378
CWLD_water_off_aq0p5,963,1867,0.13772689
CWLD_water_off_aq0p5,964,1868,0.17339483
CWLD_water_off_aq0p5,965,1869,0.21003677
CWLD_water_off_aq0p5,966,1876,0.053171914
CWLD_water_off_aq0p5,967,1877,0.050845027
CWLD_water_off_aq0p5,968,1878,0.048797134
CWLD_water_off_aq0p5,969,1879,0.055671897
CWLD_water_off_aq0p5,970,1880,0.053870298
CWLD_water_off_aq0p5,971,1881,0.070161626
CWLD_water_off_aq0p5,972,1882,0.09209693
CWLD_water_off_aq0p5,973,1883,0.12686549
CWLD_water_off_aq0p5,974,1893,0.048923865
CWLD_water_off_aq0p5,975,1894,0.05017248
CWLD_water_off_aq0p5,976,1895,0.05130873
CWLD_water_off_aq0p5,977,1896,0.056815468
CWLD_water_off_aq0p5,978,1897,0.056640938
CWLD_water_off_aq0p5,979,1898,0.063894525
CWLD_water_off_aq0p5,980,1899,0.0683052
CWLD_water_off_aq0p5,981,1900,0.077185445
CWLD_water_off_aq0p5,982,1912,0.055545177
CWLD_water_off_aq0p5,983,1913,0.061051488
CWLD_water_off_aq0p5,984,1914,0.061771505
CWLD_water_off_aq0p5,985,1915,0.06944315
CWLD_water_off_aq0p5,986,1916,0.07365189
CWLD_water_off_aq0p5,987,1917,0.1058681
CWLD_water_off_aq0p5,988,1918,0.13463514
CWLD_water_off_aq0p5,989,1919,0.14917882
CWLD_water_off_aq0p5,990,1920,0.14310537
CWLD_water_off_aq0p5,991,1921,0.1425376
CWLD_water_off_aq0p5,992,1922,0.18326376
CWLD_water_off_aq0p5,993,1936,0.06296899
CWLD_water_off_aq0p5,994,1937,0.066449195
CWLD_water_off_aq0p5,995,1938,0.06722865
CWLD_water_off_aq0p5,996,1939,0.07674303
CWLD_water_off_aq0p5,997,1940,0.072717056
CWLD_water_off_aq0p5,998,1941,0.08713499
CWLD_water_off_aq0p5,999,1942,0.07948287
CWLD_water_off_aq0p5,1000,1943,0.12802143
CWLD_water_off_aq0p5,1001,1944,0.10180014
CWLD_water_off_aq0p5,1002,1951,0.064892255
CWLD_water_off_aq0p5,1003,1952,0.070991814
CWLD_water_off_aq0p5,1004,1953,0.07043373
CWLD_water_off_aq0p5,1005,1954,0.082335345
CWLD_water_off_aq0p5,1006,1955,0.07503971
CWLD_water_off_aq0p5,1007,1961,0.0689921
CWLD_water_off_aq0p5,1008,1962,0.07334643
CWLD_water_off_aq0p5,1009,1963,0.083685674
CWLD_water_off_aq0p5,1010,1964,0.090281494
CWLD_water_off_aq0p5,1011,1965,0.07687998
CWLD_water_off_aq0p5,1012,1966,0.09615142
CWLD_water_off_aq0p5,1013,1967,0.114748836
CWLD_water_off_aq0p5,1014,1968,0.11500823
CWLD_water_off_aq0p5,1015,1973,0.09949615
CWLD_water_off_aq0p5,1016,1974,0.106764235
CWLD_water_off_aq0p5,1017,1975,0.108359285
CWLD_water_off_aq0p5,1018,1976,0.119186446
CWLD_water_off_aq0p5,1019,1977,0.116909124
CWLD_water_off_aq0p5,1020,1978,0.12825696
CWLD_water_off_aq0p5,1021,1979,0.12223663
CWLD_water_off_aq0p5,1022,1980,0.13673398
CWLD_water_off_aq0p5,1023,1992,0.10727739
CWLD_water_off_aq0p5,1024,1993,0.109554715
CWLD_water_off_aq0p5,1025,1994,0.114210024
CWLD_water_off_aq0p5,1026,1995,0.12718351
CWLD_water_off_aq0p5,1027,1996,0.115669176
CWLD_water_off_aq0p5,1028,1997,0.12919465
CWLD_water_off_aq0p5,1029,1998,0.14045785
CWLD_water_off_aq0p5,1030,1999,0.14228092
CWLD_water_off_aq0p5,1031,2004,0.10854912
CWLD_water_off_aq0p5,1032,2005,0.10844759
CWLD_water_off_aq0p5,1033,2006,0.10391906
CWLD_water_off_aq0p5,1034,2007,0.12012234
CWLD_water_off_aq0p5,1035,2011,0.09720433
CWLD_water_off_aq0p5,1036,2012,0.099860355
CWLD_water_off_aq0p5,1037,2013,0.08987686
CWLD_water_off_aq0p5,1038,2014,0.10351755
CWLD_water_off_aq0p5,1039,2015,0.11101864
CWLD_water_off_aq0p5,1040,2016,0.10509274
CWLD_water_off_aq0p5,1041,2017,0.1254442
CWLD_water_off_aq0p5,1042,2018,0.10053683
CWLD_water_off_aq0p5,1043,2023,0.07940674
CWLD_water_off_aq0p5,1044,2024,0.07558015
CWLD_water_off_aq0p5,1045,2025,0.06687208
CWLD_water_off_aq0p5,1046,2026,0.072910234
CWLD_water_off_aq0p5,1047,2030,0.06452557
CWLD_water_off_aq0p5,1048,2031,0.059356824
CWLD_water_off_aq0p5,1049,2032,0.058108304
CWLD_water_off_aq0p5,1050,2033,0.062401842
CWLD_water_off_aq0p5,1051,2034,0.06061323
CWLD_water_off_aq0p5,1052,2035,0.06887844
CWLD_water_off_aq0p5,1053,2036,0.07624622
CWLD_water_off_aq0p5,1054,2037,0.14107592
CWLD_water_off_aq0p5,1055,2038,0.083140604
CWLD_water_off_aq0p5,1056,2047,0.06056829
CWLD_water_off_aq0p5,1057,2048,0.05780221
CWLD_water_off_aq0p5,1058,2049,0.053788926
CWLD_water_off_aq0p5,1059,2050,0.04914916
CWLD_water_off_aq0p5,1060,2051,0.059182834
CWLD_water_off_aq0p5,1061,2052,0.059740122
CWLD_water_off_aq0p5,1062,2053,0.0748967
CWLD_water_off_aq0p5,1063,2063,0.067672215
CWLD_water_off_aq0p5,1064,2064,0.06614973
CWLD_water_off_aq0p5,1065,2065,0.061144743
CWLD_water_off_aq0p5,1066,2066,0.06659001
CWLD_water_off_aq0p5,1067,2067,0.07418704
CWLD_water_off_aq0p5,1068,2068,0.07162101
CWLD_water_off_aq0p5,1069,2069,0.13333534
CWLD_water_off_aq0p5,1070,2070,0.084454075
CWLD_water_off_aq0p5,1071,2077,0.05885392
CWLD_water_off_aq0p5,1072,2078,0.055816162
CWLD_water_off_aq0p5,1073,2079,0.060635958
CWLD_water_off_aq0p5,1074,2080,0.062943116
CWLD_water_off_aq0p5,1075,2081,0.064102955
CWLD_water_off_aq0p5,1076,2082,0.06576043
CWLD_water_off_aq0p5,1077,2083,0.06588948
CWLD_water_off_aq0p5,1078,2084,0.09075402
CWLD_water_off_aq0p5,1079,2085,0.07562315
CWLD_water_off_aq0p5,1080,2086,0.09508906
CWLD_water_off_aq0p5,1081,2087,0.082058854
CWLD_water_off_aq0p5,1082,2088,0.096642494
CWLD_water_off_aq0p5,1083,2098,0.06802886
CWLD_water_off_aq0p5,1084,2099,0.07679575
CWLD_water_off_aq0p5,1085,2100,0.08138275
CWLD_water_off_aq0p5,1086,2101,0.09079372
CWLD_water_off_aq0p5,1087,2102,0.09272614
CWLD_water_off_aq0p5,1088,2103,0.15214148
CWLD_water_off_aq0p5,1089,2104,0.21278185
CWLD_water_off_aq0p5,1090,2105,0.23037416
CWLD_water_off_aq0p5,1091,2106,0.28707603
CWLD_water_off_aq0p5,1092,2113,0.08371797
CWLD_water_off_aq0p5,1093,2114,0.08966878
CWLD_water_off_aq0p5,1094,2115,0.0861148
CWLD_water_off_aq0p5,1095,2116,0.093483016
CWLD_water_off_aq0p5,1096,2117,0.092694744
CWLD_water_off_aq0p5,1097,2118,0.099298805
CWLD_water_off_aq0p5,1098,2119,0.09562177
CWLD_water_off_aq0p5,1099,2120,0.14158222
CWLD_water_off_aq0p5,1100,2121,0.073974654
CWLD_water_off_aq0p5,1101,2128,0.077416
CWLD_water_off_aq0p5,1102,2129,0.07709468
CWLD_water_off_aq0p5,1103,2130,0.079586126
CWLD_water_off_aq0p5,1104,2131,0.09452873
CWLD_water_off_aq0p5,1105,2132,0.068986975
CWLD_water_off_aq0p5,1106,2133,0.06659295
CWLD_water_off_aq0p5,1107,2134,0.07496211
CWLD_water_off_aq0p5,1108,2135,0.06621025
CWLD_water_off_aq0p5,1109,2136,0.07744464
CWLD_water_off_aq0p5,1110,2137,0.07086189
CWLD_water_off_aq0p5,1111,2138,0.07440704
CWLD_water_off_aq0p5,1112,2148,0.07158001
CWLD_water_off_aq0p5,1113,2149,0.073926836
CWLD_water_off_aq0p5,1114,2150,0.07958003
CWLD_water_off_aq0p5,1115,2151,0.090887904
CWLD_water_off_aq0p5,1116,2152,0.07011859
CWLD_water_off_aq0p5,1117,2153,0.078806594
CWLD_water_off_aq0p5,1118,2154,0.072113685
CWLD_water_off_aq0p5,1119,2164,0.07722263
CWLD_water_off_aq0p5,1120,2165,0.08317373
CWLD_water_off_aq0p5,1121,2166,0.09804732
CWLD_water_off_aq0p5,1122,2167,0.10819629
CWLD_water_off_aq0p5,1123,2168,0.08415848
CWLD_water_off_aq0p5,1124,2169,0.09747853
CWLD_water_off_aq0p5,1125,2170,0.107353784
CWLD_water_off_aq0p5,1126,2171,0.18646745
CWLD_water_off_aq0p5,1127,2172,0.11795178
CWLD_water_off_aq0p5,1128,2181,0.10549876
CWLD_water_off_aq0p5,1129,2182,0.12276671
CWLD_water_off_aq0p5,1130,2183,0.13630886
CWLD_water_off_aq0p5,1131,2184,0.1510296
CWLD_water_off_aq0p5,1132,2185,0.1419636
CWLD_water_off_aq0p5,1133,2186,0.14403212
CWLD_water_off_aq0p5,1134,2187,0.1606852
CWLD_water_off_aq0p5,1135,2188,0.18756627
CWLD_water_off_aq0p5,1136,2198,0.13728157
CWLD_water_off_aq0p5,1137,2199,0.15188749
CWLD_water_off_aq0p5,1138,2200,0.1570074
CWLD_water_off_aq0p5,1139,2201,0.18672279
CWLD_water_off_aq0p5,1140,2202,0.14690605
CWLD_water_off_aq0p5,1141,2203,0.120227344
CWLD_water_off_aq0p5,1142,2204,0.10117078
CWLD_water_off_aq0p5,1143,2205,0.15999411
CWLD_water_off_aq0p5,1144,2215,0.13915096
CWLD_water_off_aq0p5,1145,2216,0.14799379
CWLD_water_off_aq0p5,1146,2217,0.15728794
CWLD_water_off_aq0p5,1147,2218,0.1743298
CWLD_water_off_aq0p5,1148,2219,0.1365308
CWLD_water_off_aq0p5,1149,2220,0.14163922
CWLD_water_off_aq0p5,1150,2221,0.11627962
CWLD_water_off_aq0p5,1151,2229,0.15587342
CWLD_water_off_aq0p5,1152,2230,0.17327696
CWLD_water_off_aq0p5,1153,2231,0.18895638
CWLD_water_off_aq0p5,1154,2232,0.2282811
CWLD_water_off_aq0p5,1155,2233,0.17947857
CWLD_water_off_aq0p5,1156,2239,0.206529
CWLD_water_off_aq0p5,1157,2240,0.22841033
CWLD_water_off_aq0p5,1158,2241,0.26010033
CWLD_water_off_aq0p5,1159,2242,0.3270816
CWLD_water_off_aq0p5,1160,2243,0.20940475
CWLD_water_off_aq0p5,1161,2244,0.21636035
CWLD_water_off_aq0p5,1162,2245,0.23198164
CWLD_water_off_aq0p5,1163,2246,0.28272435
CWLD_water_off_aq0p5,1164,2247,0.3049104
CWLD_water_off_aq0p5,1165,2248,0.25483218
CWLD_water_off_aq0p5,1166,2262,0.31462377
CWLD_water_off_aq0p5,1167,2263,0.24171907
CWLD_water_off_aq0p5,1168,2264,0.21143958
CWLD_water_off_aq0p5,1169,2265,0.25324833
CWLD_water_off_aq0p5,1170,2266,0.24535543
CWLD_water_off_aq0p5,1171,2267,0.22602567
CWLD_water_off_aq0p5,1172,2268,0.27173665
CWLD_water_off_aq0p5,1173,2280,0.16952482
CWLD_water_off_aq0p5,1174,2281,0.1403155
CWLD_water_off_aq0p5,1175,2282,0.12722898
CWLD_water_off_aq0p5,1176,2283,0.17010607
CWLD_water_off_aq0p5,1177,2284,0.1668538
CWLD_water_off_aq0p5,1178,2285,0.1562571
CWLD_water_off_aq0p5,1179,2286,0.17684257
CWLD_water_off_aq0p5,1180,2287,0.1831321
CWLD_water_off_aq0p5,1181,2288,0.18260941
CWLD_water_off_aq0p5,1182,2302,0.10398484
CWLD_water_off_aq0p5,1183,2303,0.12231169
CWLD_water_off_aq0p5,1184,2304,0.093030825
CWLD_water_off_aq0p5,1185,2305,0.09162848
CWLD_water_off_aq0p5,1186,2306,0.17559086
CWLD_water_off_aq0p5,1187,2307,0.2329876
CWLD_water_off_aq0p5,1188,2308,0.27827263
CWLD_water_off_aq0p5,1189,2309,0.30033085
CWLD_water_off_aq0p5,1190,2321,0.08990864
CWLD_water_off_aq0p5,1191,2322,0.07938
CWLD_water_off_aq0p5,1192,2323,0.07691153
CWLD_water_off_aq0p5,1193,2324,0.08492665
CWLD_water_off_aq0p5,1194,2325,0.07659531
CWLD_water_off_aq0p5,1195,2326,0.08891789
CWLD_water_off_aq0p5,1196,2327,0.08434245
CWLD_water_off_aq0p5,1197,2328,0.11052857
CWLD_water_off_aq0p5,1198,2340,0.07606809
CWLD_water_off_aq0p5,1199,2341,0.07281956
CWLD_water_off_aq0p5,1200,2342,0.07934464
CWLD_water_off_aq0p5,1201,2343,0.0939862
CWLD_water_off_aq0p5,1202,2344,0.07982573
CWLD_water_off_aq0p5,1203,2345,0.09059144
CWLD_water_off_aq0p5,1204,2346,0.08021359
CWLD_water_off_aq0p5,1205,2354,0.07823043
CWLD_water_off_aq0p5,1206,2355,0.083856
CWLD_water_off_aq0p5,1207,2356,0.084107324
CWLD_water_off_aq0p5,1208,2357,0.092231974
CWLD_water_off_aq0p5,1209,2358,0.08451561
CWLD_water_off_aq0p5,1210,2359,0.08077112
CWLD_water_off_aq0p5,1211,2365,0.08609918
CWLD_water_off_aq0p5,1212,2366,0.089130804
CWLD_water_off_aq0p5,1213,2367,0.09002833
CWLD_water_off_aq0p5,1214,2368,0.10622415
CWLD_water_off_aq0p5,1215,2369,0.090150535
CWLD_water_off_aq0p5,1216,2370,0.06770045
CWLD_water_off_aq0p5,1217,2371,0.069847
CWLD_water_off_aq0p5,1218,2372,0.055606022
CWLD_water_off_aq0p5,1219,2373,0.050671943
CWLD_water_off_aq0p5,1220,2374,0.06705674
CWLD_water_off_aq0p5,1221,2375,0.05890133
CWLD_water_off_aq0p5,1222,2376,0.059352603
CWLD_water_off_aq0p5,1223,2377,0.07491373
CWLD_water_off_aq0p5,1224,2378,0.07238044
CWLD_water_off_aq0p5,1225,2389,0.081627205
CWLD_water_off_aq0p5,1226,2390,0.08354802
CWLD_water_off_aq0p5,1227,2391,0.08910811
CWLD_water_off_aq0p5,1228,2392,0.09918863
CWLD_water_off_aq0p5,1229,2393,0.08237845
CWLD_water_off_aq0p5,1230,2394,0.09158237
CWLD_water_off_aq0p5,1231,2395,0.0851837
CWLD_water_off_aq0p5,1232,2403,0.08895824
CWLD_water_off_aq0p5,1233,2404,0.09446254
CWLD_water_off_aq0p5,1234,2405,0.1012675
CWLD_water_off_aq0p5,1235,2406,0.10447987
CWLD_water_off_aq0p5,1236,2407,0.09865374
CWLD_water_off_aq0p5,1237,2408,0.10400679
CWLD_water_off_aq0p5,1238,2409,0.103670284
CWLD_water_off_aq0p5,1239,2417,0.109227106
CWLD_water_off_aq0p5,1240,2418,0.117982954
CWLD_water_off_aq0p5,1241,2419,0.11710617
CWLD_water_off_aq0p5,1242,2420,0.12073747
CWLD_water_off_aq0p5,1243,2421,0.13097858
CWLD_water_off_aq0p5,1244,2422,0.13580446
CWLD_water_off_aq0p5,1245,2423,0.13734975
CWLD_water_off_aq0p5,1246,2433,0.11515659
CWLD_water_off_aq0p5,1247,2434,0.116039544
CWLD_water_off_aq0p5,1248,2435,0.11174291
CWLD_water_off_aq0p5,1249,2436,0.11326157
CWLD_water_off_aq0p5,1250,2437,0.118384644
CWLD_water_off_aq0p5,1251,2438,0.12895371
CWLD_water_off_aq0p5,1252,2439,0.13177092
CWLD_water_off_aq0p5,1253,2440,0.15527512
CWLD_water_off_aq0p5,1254,2452,0.1073754
CWLD_water_off_aq0p5,1255,2453,0.10529038
CWLD_water_off_aq0p5,1256,2454,0.097943716
CWLD_water_off_aq0p5,1257,2455,0.09739712
CWLD_water_off_aq0p5,1258,2456,0.11084231
CWLD_water_off_aq0p5,1259,2457,0.10553872
CWLD_water_off_aq0p5,1260,2458,0.11751179
CWLD_water_off_aq0p5,1261,2459,0.12114769
CWLD_water_off_aq0p5,1262,2471,0.09888572
CWLD_water_off_aq0p5,1263,2472,0.09938846
CWLD_water_off_aq0p5,1264,2473,0.10238926
CWLD_water_off_aq0p5,1265,2474,0.10430035
CWLD_water_off_aq0p5,1266,2475,0.10516901
CWLD_water_off_aq0p5,1267,2476,0.113815136
CWLD_water_off_aq0p5,1268,2477,0.10413275
CWLD_water_off_aq0p5,1269,2487,0.10573402
CWLD_water_off_aq0p5,1270,2488,0.10972886
CWLD_water_off_aq0p5,1271,2489,0.109151796
CWLD_water_off_aq0p5,1272,2490,0.113448866
CWLD_water_off_aq0p5,1273,2491,0.11808296
CWLD_water_off_aq0p5,1274,2492,0.07233639
CWLD_water_off_aq0p5,1275,2493,0.073735364
CWLD_water_off_aq0p5,1276,2494,0.099032596
CWLD_water_off_aq0p5,1277,2495,0.09469961
CWLD_water_off_aq0p5,1278,2509,0.107825175
CWLD_water_off_aq0p5,1279,2510,0.108099304
CWLD_water_off_aq0p5,1280,2511,0.10355002
CWLD_water_off_aq0p5,1281,2512,0.10794128
CWLD_water_off_aq0p5,1282,2513,0.112167545
CWLD_water_off_aq0p5,1283,2514,0.11751974
CWLD_water_off_aq0p5,1284,2520,0.0986218
CWLD_water_off_aq0p5,1285,2521,0.09511597
CWLD_water_off_aq0p5,1286,2522,0.08957015
CWLD_water_off_aq0p5,1287,2523,0.09416837
CWLD_water_off_aq0p5,1288,2524,0.09890611
CWLD_water_off_aq0p5,1289,2525,0.13602367
CWLD_water_off_aq0p5,1290,2526,0.105298005
CWLD_water_off_aq0p5,1291,2527,0.1723332
CWLD_water_off_aq0p5,1292,2537,0.08449862
CWLD_water_off_aq0p5,1293,2538,0.08087604
CWLD_water_off_aq0p5,1294,2539,0.08355406
CWLD_water_off_aq0p5,1295,2540,0.11998186
CWLD_water_off_aq0p5,1296,2541,0.0836209
CWLD_water_off_aq0p5,1297,2542,0.09446167
CWLD_water_off_aq0p5,1298,2543,0.11380354
CWLD_water_off_aq0p5,1299,2544,0.17208639
CWLD_water_off_aq0p5,1300,2556,0.08120862
CWLD_water_off_aq0p5,1301,2557,0.09059368
CWLD_water_off_aq0p5,1302,2558,0.08979948
CWLD_water_off_aq0p5,1303,2559,0.10410839
CWLD_water_off_aq0p5,1304,2560,0.109961465
CWLD_water_off_aq0p5,1305,2561,0.12831116
CWLD_water_off_aq0p5,1306,2562,0.13612123
CWLD_water_off_aq0p5,1307,2563,0.13687883
CWLD_water_off_aq0p5,1308,2564,0.15557498
CWLD_water_off_aq0p5,1309,2565,0.17556517
CWLD_water_off_aq0p5,1310,2566,0.18393005
CWLD_water_off_aq0p5,1311,2580,0.08083722
CWLD_water_off_aq0p5,1312,2581,0.080669545
CWLD_water_off_aq0p5,1313,2582,0.07566486
CWLD_water_off_aq0p5,1314,2583,0.0877351
CWLD_water_off_aq0p5,1315,2584,0.08631827
CWLD_water_off_aq0p5,1316,2585,0.09920749
CWLD_water_off_aq0p5,1317,2586,0.14158715
CWLD_water_off_aq0p5,1318,2587,0.14437526
CWLD_water_off_aq0p5,1319,2588,0.1830357
CWLD_water_off_aq0p5,1320,2602,0.06844079
CWLD_water_off_aq0p5,1321,2603,0.068275236
CWLD_water_off_aq0p5,1322,2604,0.06791077
CWLD_water_off_aq0p5,1323,2605,0.08913261
CWLD_water_off_aq0p5,1324,2606,0.072179265
CWLD_water_off_aq0p5,1325,2607,0.08096617
CWLD_water_off_aq0p5,1326,2608,0.12455314
CWLD_water_off_aq0p5,1327,2609,0.123665705
CWLD_water_off_aq0p5,1328,2610,0.18819262
CWLD_water_off_aq0p5,1329,2611,0.21981156
CWLD_water_off_aq0p5,1330,2612,0.26021177
CWLD_water_off_aq0p5,1331,2626,0.06961393
CWLD_water_off_aq0p5,1332,2627,0.07345901
CWLD_water_off_aq0p5,1333,2628,0.06829545
CWLD_water_off_aq0p5,1334,2629,0.081449136
CWLD_water_off_aq0p5,1335,2630,0.0925782
CWLD_water_off_aq0p5,1336,2631,0.13627872
CWLD_water_off_aq0p5,1337,2637,0.07301092
CWLD_water_off_aq0p5,1338,2638,0.06928606
CWLD_water_off_aq0p5,1339,2639,0.07121871
CWLD_water_off_aq0p5,1340,2640,0.08037559
CWLD_water_off_aq0p5,1341,2641,0.07016223
CWLD_water_off_aq0p5,1342,2642,0.07676355
CWLD_water_off_aq0p5,1343,2643,0.1251403
CWLD_water_off_aq0p5,1344,2644,0.083981305
CWLD_water_off_aq0p5,1345,2645,0.15866414
CWLD_water_off_aq0p5,1346,2646,0.125062
CWLD_water_off_aq0p5,1347,2647,0.15569377
CWLD_water_off_aq0p5,1348,2657,0.07689552
CWLD_water_off_aq0p5,1349,2658,0.079519376
CWLD_water_off_aq0p5,1350,2659,0.078765996
CWLD_water_off_aq0p5,1351,2660,0.08427598
CWLD_water_off_aq0p5,1352,2664,0.0953349
CWLD_water_off_aq0p5,1353,2665,0.098418444
CWLD_water_off_aq0p5,1354,2666,0.12265853
CWLD_water_off_aq0p5,1355,2667,0.14857636
CWLD_water_off_aq0p5,1356,2668,0.09932587
CWLD_water_off_aq0p5,1357,2669,0.08441066
CWLD_water_off_aq0p5,1358,2670,0.08618285
CWLD_water_off_aq0p5,1359,2671,0.090774216
CWLD_water_off_aq0p5,1360,2678,0.12504403
CWLD_water_off_aq0p5,1361,2679,0.15381823
CWLD_water_off_aq0p5,1362,2680,0.1710493
CWLD_water_off_aq0p5,1363,2681,0.22911325
CWLD_water_off_aq0p5,1364,2682,0.1725511
CWLD_water_off_aq0p5,1365,2683,0.15245071
CWLD_water_off_aq0p5,1366,2684,0.12256722
CWLD_water_off_aq0p5,1367,2692,0.15194616
CWLD_water_off_aq0p5,1368,2693,0.17343839
CWLD_water_off_aq0p5,1369,2694,0.19879328
CWLD_water_off_aq0p5,1370,2695,0.1916265
CWLD_water_off_aq0p5,1371,2696,0.1681794
CWLD_water_off_aq0p5,1372,2697,0.17328759
CWLD_water_off_aq0p5,1373,2698,0.16104285
CWLD_water_off_aq0p5,1374,2699,0.2421023
CWLD_water_off_aq0p5,1375,2700,0.16589928
CWLD_water_off_aq0p5,1376,2701,0.26277328
CWLD_water_off_aq0p5,1377,2702,0.20497042
CWLD_water_off_aq0p5,1378,2703,0.2466137
CWLD_aq0_unweighted_density,0,0,0.4078474
CWLD_aq0_unweighted_density,1,1,0.31979644
CWLD_aq0_unweighted_density,2,2,0.24802355
CWLD_aq0_unweighted_density,3,3,0.23770589
CWLD_aq0_unweighted_density,4,4,0.3491029
CWLD_aq0_unweighted_density,5,12,0.24463521
CWLD_aq0_unweighted_density,6,13,0.20873131
CWLD_aq0_unweighted_density,7,14,0.16792375
CWLD_aq0_unweighted_density,8,15,0.19753537
CWLD_aq0_unweighted_density,9,16,0.28524473
CWLD_aq0_unweighted_density,10,17,0.34626406
CWLD_aq0_unweighted_density,11,18,0.43020126
CWLD_aq0_unweighted_density,12,19,0.3444489
CWLD_aq0_unweighted_density,13,24,0.15225655
CWLD_aq0_unweighted_density,14,25,0.13813153
CWLD_aq0_unweighted_density,15,26,0.127774
CWLD_aq0_unweighted_density,16,27,0.13936783
CWLD_aq0_unweighted_density,17,28,0.16767012
CWLD_aq0_unweighted_density,18,29,0.20201235
CWLD_aq0_unweighted_density,19,30,0.22598352
CWLD_aq0_unweighted_density,20,31,0.25062793
CWLD_aq0_unweighted_density,21,32,0.24923195
CWLD_aq0_unweighted_density,22,41,0.12631233
CWLD_aq0_unweighted_density,23,42,0.1250388
CWLD_aq0_unweighted_density,24,43,0.11024805
CWLD_aq0_unweighted_density,25,44,0.09473732
CWLD_aq0_unweighted_density,26,45,0.14419354
CWLD_aq0_unweighted_density,27,46,0.17141026
CWLD_aq0_unweighted_density,28,47,0.2369514
CWLD_aq0_unweighted_density,29,48,0.21746296
CWLD_aq0_unweighted_density,30,60,0.13299091
CWLD_aq0_unweighted_density,31,61,0.14365691
CWLD_aq0_unweighted_density,32,62,0.1217017
CWLD_aq0_unweighted_density,33,63,0.12003309
CWLD_aq0_unweighted_density,34,64,0.19166303
CWLD_aq0_unweighted_density,35,65,0.22582483
CWLD_aq0_unweighted_density,36,66,0.21890502
CWLD_aq0_unweighted_density,37,74,0.11873883
CWLD_aq0_unweighted_density,38,75,0.11518916
CWLD_aq0_unweighted_density,39,76,0.09153445
CWLD_aq0_unweighted_density,40,77,0.09374217
CWLD_aq0_unweighted_density,41,78,0.13459335
CWLD_aq0_unweighted_density,42,79,0.2147019
CWLD_aq0_unweighted_density,43,80,0.28922957
CWLD_aq0_unweighted_density,44,81,0.3621633
CWLD_aq0_unweighted_density,45,82,0.31950417
CWLD_aq0_unweighted_density,46,89,0.08113042
CWLD_aq0_unweighted_density,47,90,0.0764479
CWLD_aq0_unweighted_density,48,91,0.06679757
CWLD_aq0_unweighted_density,49,92,0.065570794
CWLD_aq0_unweighted_density,50,93,0.088737346
CWLD_aq0_unweighted_density,51,94,0.15199849
CWLD_aq0_unweighted_density,52,95,0.17444323
CWLD_aq0_unweighted_density,53,96,0.178597
CWLD_aq0_unweighted_density,54,97,0.23271291
CWLD_aq0_unweighted_density,55,104,0.06782883
CWLD_aq0_unweighted_density,56,105,0.07128713
CWLD_aq0_unweighted_density,57,106,0.0690608
CWLD_aq0_unweighted_density,58,107,0.0678549
CWLD_aq0_unweighted_density,59,108,0.09392489
CWLD_aq0_unweighted_density,60,109,0.13931626
CWLD_aq0_unweighted_density,61,110,0.16419089
CWLD_aq0_unweighted_density,62,111,0.20129398
CWLD_aq0_unweighted_density,63,112,0.17755033
CWLD_aq0_unweighted_density,64,121,0.07416056
CWLD_aq0_unweighted_density,65,122,0.07757407
CWLD_aq0_unweighted_density,66,123,0.06916035
CWLD_aq0_unweighted_density,67,124,0.06901575
CWLD_aq0_unweighted_density,68,125,0.09495876
CWLD_aq0_unweighted_density,69,126,0.10973605
CWLD_aq0_unweighted_density,70,127,0.10784132
CWLD_aq0_unweighted_density,71,128,0.18580809
CWLD_aq0_unweighted_density,72,140,0.06880961
CWLD_aq0_unweighted_density,73,141,0.06541136
CWLD_aq0_unweighted_density,74,142,0.056796808
CWLD_aq0_unweighted_density,75,143,0.057924602
CWLD_aq0_unweighted_density,76,144,0.072424136
CWLD_aq0_unweighted_density,77,150,0.054868482
CWLD_aq0_unweighted_density,78,151,0.052284677
CWLD_aq0_unweighted_density,79,152,0.048564076
CWLD_aq0_unweighted_density,80,153,0.048295077
CWLD_aq0_unweighted_density,81,154,0.057573378
CWLD_aq0_unweighted_density,82,155,0.06431819
CWLD_aq0_unweighted_density,83,156,0.06752517
CWLD_aq0_unweighted_density,84,157,0.1090801
CWLD_aq0_unweighted_density,85,158,0.11991969
CWLD_aq0_unweighted_density,86,165,0.04959169
CWLD_aq0_unweighted_density,87,166,0.05223431
CWLD_aq0_unweighted_density,88,167,0.05151329
CWLD_aq0_unweighted_density,89,168,0.05532533
CWLD_aq0_unweighted_density,90,169,0.059351142
CWLD_aq0_unweighted_density,91,170,0.06135158
CWLD_aq0_unweighted_density,92,171,0.088995606
CWLD_aq0_unweighted_density,93,172,0.06851734
CWLD_aq0_unweighted_density,94,173,0.10305229
CWLD_aq0_unweighted_density,95,174,0.076240055
CWLD_aq0_unweighted_density,96,175,0.086419396
CWLD_aq0_unweighted_density,97,185,0.052444763
CWLD_aq0_unweighted_density,98,186,0.05218776
CWLD_aq0_unweighted_density,99,187,0.048843287
CWLD_aq0_unweighted_density,100,188,0.050806228
CWLD_aq0_unweighted_density,101,189,0.05790863
CWLD_aq0_unweighted_density,102,190,0.07338194
CWLD_aq0_unweighted_density,103,191,0.098414026
CWLD_aq0_unweighted_density,104,192,0.14940766
CWLD_aq0_unweighted_density,105,193,0.17989203
CWLD_aq0_unweighted_density,106,207,0.05172352
CWLD_aq0_unweighted_density,107,208,0.054926917
CWLD_aq0_unweighted_density,108,209,0.05554979
CWLD_aq0_unweighted_density,109,210,0.06495542
CWLD_aq0_unweighted_density,110,211,0.06463772
CWLD_aq0_unweighted_density,111,212,0.07968282
CWLD_aq0_unweighted_density,112,213,0.07929325
CWLD_aq0_unweighted_density,113,214,0.09103157
CWLD_aq0_unweighted_density,114,215,0.1076592
CWLD_aq0_unweighted_density,115,222,0.052585848
CWLD_aq0_unweighted_density,116,223,0.05696498
CWLD_aq0_unweighted_density,117,224,0.055953108
CWLD_aq0_unweighted_density,118,225,0.06444569
CWLD_aq0_unweighted_density,119,226,0.06288657
CWLD_aq0_unweighted_density,120,232,0.053526804
CWLD_aq0_unweighted_density,121,233,0.054426853
CWLD_aq0_unweighted_density,122,234,0.054136712
CWLD_aq0_unweighted_density,123,235,0.06270227
CWLD_aq0_unweighted_density,124,236,0.05536531
CWLD_aq0_unweighted_density,125,237,0.05059807
CWLD_aq0_unweighted_density,126,238,0.048458252
CWLD_aq0_unweighted_density,127,239,0.06851734
CWLD_aq0_unweighted_density,128,240,0.054564964
CWLD_aq0_unweighted_density,129,241,0.07263405
CWLD_aq0_unweighted_density,130,242,0.06143953
CWLD_aq0_unweighted_density,131,252,0.05135555
CWLD_aq0_unweighted_density,132,253,0.055914663
CWLD_aq0_unweighted_density,133,254,0.059029695
CWLD_aq0_unweighted_density,134,255,0.06835987
CWLD_aq0_unweighted_density,135,256,0.06374601
CWLD_aq0_unweighted_density,136,257,0.078286394
CWLD_aq0_unweighted_density,137,263,0.05929937
CWLD_aq0_unweighted_density,138,264,0.06302499
CWLD_aq0_unweighted_density,139,265,0.05774151
CWLD_aq0_unweighted_density,140,266,0.061382838
CWLD_aq0_unweighted_density,141,267,0.07851417
CWLD_aq0_unweighted_density,142,268,0.09674077
CWLD_aq0_unweighted_density,143,269,0.16213822
CWLD_aq0_unweighted_density,144,270,0.14918603
CWLD_aq0_unweighted_density,145,282,0.057516545
CWLD_aq0_unweighted_density,146,283,0.054830592
CWLD_aq0_unweighted_density,147,284,0.047332563
CWLD_aq0_unweighted_density,148,285,0.0537077
CWLD_aq0_unweighted_density,149,286,0.06489002
CWLD_aq0_unweighted_density,150,287,0.07402253
CWLD_aq0_unweighted_density,151,288,0.13321404
CWLD_aq0_unweighted_density,152,289,0.121009365
CWLD_aq0_unweighted_density,153,290,0.144008
CWLD_aq0_unweighted_density,154,291,0.12133841
CWLD_aq0_unweighted_density,155,292,0.09603677
CWLD_aq0_unweighted_density,156,302,0.047493562
CWLD_aq0_unweighted_density,157,303,0.04463545
CWLD_aq0_unweighted_density,158,304,0.05100514
CWLD_aq0_unweighted_density,159,305,0.05814595
CWLD_aq0_unweighted_density,160,306,0.051305197
CWLD_aq0_unweighted_density,161,307,0.06402346
CWLD_aq0_unweighted_density,162,308,0.07514292
CWLD_aq0_unweighted_density,163,309,0.07147705
CWLD_aq0_unweighted_density,164,314,0.056380093
CWLD_aq0_unweighted_density,165,315,0.06563837
CWLD_aq0_unweighted_density,166,316,0.072288476
CWLD_aq0_unweighted_density,167,317,0.08818449
CWLD_aq0_unweighted_density,168,318,0.07716732
CWLD_aq0_unweighted_density,169,319,0.10225024
CWLD_aq0_unweighted_density,170,320,0.12344033
CWLD_aq0_unweighted_density,171,321,0.16168757
CWLD_aq0_unweighted_density,172,322,0.20876716
CWLD_aq0_unweighted_density,173,336,0.07122894
CWLD_aq0_unweighted_density,174,337,0.08361178
CWLD_aq0_unweighted_density,175,338,0.08758517
CWLD_aq0_unweighted_density,176,339,0.108714014
CWLD_aq0_unweighted_density,177,340,0.095511034
CWLD_aq0_unweighted_density,178,341,0.09139376
CWLD_aq0_unweighted_density,179,342,0.1299974
CWLD_aq0_unweighted_density,180,343,0.07502686
CWLD_aq0_unweighted_density,181,348,0.077817656
CWLD_aq0_unweighted_density,182,349,0.08566935
CWLD_aq0_unweighted_density,183,350,0.08518206
CWLD_aq0_unweighted_density,184,351,0.10539383
CWLD_aq0_unweighted_density,185,355,0.07622799
CWLD_aq0_unweighted_density,186,356,0.080629095
CWLD_aq0_unweighted_density,187,357,0.08213172
CWLD_aq0_unweighted_density,188,358,0.09831071
CWLD_aq0_unweighted_density,189,359,0.081512384
CWLD_aq0_unweighted_density,190,360,0.07310122
CWLD_aq0_unweighted_density,191,361,0.06926806
CWLD_aq0_unweighted_density,192,362,0.10642076
CWLD_aq0_unweighted_density,193,367,0.07593138
CWLD_aq0_unweighted_density,194,368,0.0800726
CWLD_aq0_unweighted_density,195,369,0.07065072
CWLD_aq0_unweighted_density,196,370,0.07918908
CWLD_aq0_unweighted_density,197,374,0.06266276
CWLD_aq0_unweighted_density,198,375,0.05902954
CWLD_aq0_unweighted_density,199,376,0.05703483
CWLD_aq0_unweighted_density,200,377,0.074865274
CWLD_aq0_unweighted_density,201,378,0.06419369
CWLD_aq0_unweighted_density,202,379,0.076416895
CWLD_aq0_unweighted_density,203,380,0.075096704
CWLD_aq0_unweighted_density,204,388,0.047101088
CWLD_aq0_unweighted_density,205,389,0.043943662
CWLD_aq0_unweighted_density,206,390,0.046036597
CWLD_aq0_unweighted_density,207,391,0.052360754
CWLD_aq0_unweighted_density,208,392,0.04374884
CWLD_aq0_unweighted_density,209,393,0.054850392
CWLD_aq0_unweighted_density,210,394,0.052210774
CWLD_aq0_unweighted_density,211,395,0.06494625
CWLD_aq0_unweighted_density,212,407,0.05106335
CWLD_aq0_unweighted_density,213,408,0.049902257
CWLD_aq0_unweighted_density,214,409,0.047978237
CWLD_aq0_unweighted_density,215,410,0.0510415
CWLD_aq0_unweighted_density,216,411,0.053385425
CWLD_aq0_unweighted_density,217,412,0.0658863
CWLD_aq0_unweighted_density,218,413,0.05932399
CWLD_aq0_unweighted_density,219,421,0.050549056
CWLD_aq0_unweighted_density,220,422,0.051483765
CWLD_aq0_unweighted_density,221,423,0.050894715
CWLD_aq0_unweighted_density,222,424,0.05811239
CWLD_aq0_unweighted_density,223,425,0.057728466
CWLD_aq0_unweighted_density,224,426,0.101557486
CWLD_aq0_unweighted_density,225,427,0.09945737
CWLD_aq0_unweighted_density,226,435,0.049568564
CWLD_aq0_unweighted_density,227,436,0.050516024
CWLD_aq0_unweighted_density,228,437,0.04856117
CWLD_aq0_unweighted_density,229,438,0.053538945
CWLD_aq0_unweighted_density,230,439,0.056599744
CWLD_aq0_unweighted_density,231,440,0.103994645
CWLD_aq0_unweighted_density,232,441,0.11300917
CWLD_aq0_unweighted_density,233,442,0.16075134
CWLD_aq0_unweighted_density,234,443,0.20173764
CWLD_aq0_unweighted_density,235,457,0.045645673
CWLD_aq0_unweighted_density,236,458,0.04665674
CWLD_aq0_unweighted_density,237,459,0.049665358
CWLD_aq0_unweighted_density,238,460,0.056867562
CWLD_aq0_unweighted_density,239,461,0.045847144
CWLD_aq0_unweighted_density,240,462,0.052485984
CWLD_aq0_unweighted_density,241,463,0.05398134
CWLD_aq0_unweighted_density,242,464,0.08543295
CWLD_aq0_unweighted_density,243,465,0.06931447
CWLD_aq0_unweighted_density,244,472,0.047643643
CWLD_aq0_unweighted_density,245,473,0.049054414
CWLD_aq0_unweighted_density,246,474,0.05228417
CWLD_aq0_unweighted_density,247,475,0.05845549
CWLD_aq0_unweighted_density,248,476,0.053438984
CWLD_aq0_unweighted_density,249,477,0.05977216
CWLD_aq0_unweighted_density,250,478,0.06832928
CWLD_aq0_unweighted_density,251,479,0.07614564
CWLD_aq0_unweighted_density,252,491,0.052245222
CWLD_aq0_unweighted_density,253,492,0.05464676
CWLD_aq0_unweighted_density,254,493,0.051424056
CWLD_aq0_unweighted_density,255,494,0.055892833
CWLD_aq0_unweighted_density,256,498,0.049715117
CWLD_aq0_unweighted_density,257,499,0.05024633
CWLD_aq0_unweighted_density,258,500,0.05262055
CWLD_aq0_unweighted_density,259,501,0.057690654
CWLD_aq0_unweighted_density,260,502,0.05292901
CWLD_aq0_unweighted_density,261,503,0.06417284
CWLD_aq0_unweighted_density,262,504,0.061076157
CWLD_aq0_unweighted_density,263,512,0.054523863
CWLD_aq0_unweighted_density,264,513,0.059915453
CWLD_aq0_unweighted_density,265,514,0.052641436
CWLD_aq0_unweighted_density,266,515,0.054776683
CWLD_aq0_unweighted_density,267,516,0.07402995
CWLD_aq0_unweighted_density,268,517,0.079601035
CWLD_aq0_unweighted_density,269,518,0.09242065
CWLD_aq0_unweighted_density,270,528,0.050928485
CWLD_aq0_unweighted_density,271,529,0.051736712
CWLD_aq0_unweighted_density,272,530,0.05251138
CWLD_aq0_unweighted_density,273,531,0.06093034
CWLD_aq0_unweighted_density,274,532,0.058753815
CWLD_aq0_unweighted_density,275,533,0.068169676
CWLD_aq0_unweighted_density,276,534,0.089526884
CWLD_aq0_unweighted_density,277,535,0.0766598
CWLD_aq0_unweighted_density,278,545,0.04925079
CWLD_aq0_unweighted_density,279,546,0.053130418
CWLD_aq0_unweighted_density,280,547,0.05476218
CWLD_aq0_unweighted_density,281,548,0.062920354
CWLD_aq0_unweighted_density,282,549,0.057976987
CWLD_aq0_unweighted_density,283,550,0.06811534
CWLD_aq0_unweighted_density,284,551,0.09302128
CWLD_aq0_unweighted_density,285,552,0.11135181
CWLD_aq0_unweighted_density,286,553,0.15323247
CWLD_aq0_unweighted_density,287,554,0.20801307
CWLD_aq0_unweighted_density,288,555,0.1965706
CWLD_aq0_unweighted_density,289,569,0.053296443
CWLD_aq0_unweighted_density,290,570,0.05968874
CWLD_aq0_unweighted_density,291,571,0.058664404
CWLD_aq0_unweighted_density,292,572,0.06324906
CWLD_aq0_unweighted_density,293,573,0.065493576
CWLD_aq0_unweighted_density,294,574,0.0720335
CWLD_aq0_unweighted_density,295,580,0.056663252
CWLD_aq0_unweighted_density,296,581,0.059374113
CWLD_aq0_unweighted_density,297,582,0.06465517
CWLD_aq0_unweighted_density,298,583,0.07096416
CWLD_aq0_unweighted_density,299,584,0.06613503
CWLD_aq0_unweighted_density,300,585,0.066685244
CWLD_aq0_unweighted_density,301,586,0.08324641
CWLD_aq0_unweighted_density,302,587,0.07668105
CWLD_aq0_unweighted_density,303,599,0.06964907
CWLD_aq0_unweighted_density,304,600,0.07927473
CWLD_aq0_unweighted_density,305,601,0.0825543
CWLD_aq0_unweighted_density,306,602,0.09959246
CWLD_aq0_unweighted_density,307,606,0.08686882
CWLD_aq0_unweighted_density,308,607,0.1000214
CWLD_aq0_unweighted_density,309,608,0.10618141
CWLD_aq0_unweighted_density,310,609,0.16536514
CWLD_aq0_unweighted_density,311,610,0.11161884
CWLD_aq0_unweighted_density,312,611,0.1387582
CWLD_aq0_unweighted_density,313,612,0.16873492
CWLD_aq0_unweighted_density,314,613,0.20604783
CWLD_aq0_unweighted_density,315,614,0.21754165
CWLD_aq0_unweighted_density,316,623,0.092359476
CWLD_aq0_unweighted_density,317,624,0.100149654
CWLD_aq0_unweighted_density,318,625,0.08031047
CWLD_aq0_unweighted_density,319,626,0.09577343
CWLD_aq0_unweighted_density,320,627,0.13476442
CWLD_aq0_unweighted_density,321,628,0.15762806
CWLD_aq0_unweighted_density,322,629,0.1715522
CWLD_aq0_unweighted_density,323,630,0.20397319
CWLD_aq0_unweighted_density,324,637,0.07631796
CWLD_aq0_unweighted_density,325,638,0.0770048
CWLD_aq0_unweighted_density,326,639,0.07091558
CWLD_aq0_unweighted_density,327,640,0.08974317
CWLD_aq0_unweighted_density,328,641,0.11244609
CWLD_aq0_unweighted_density,329,642,0.13307902
CWLD_aq0_unweighted_density,330,643,0.10892983
CWLD_aq0_unweighted_density,331,651,0.06857192
CWLD_aq0_unweighted_density,332,652,0.068493396
CWLD_aq0_unweighted_density,333,653,0.065836884
CWLD_aq0_unweighted_density,334,654,0.06578064
CWLD_aq0_unweighted_density,335,655,0.07982551
CWLD_aq0_unweighted_density,336,656,0.093904726
CWLD_aq0_unweighted_density,337,657,0.09629399
CWLD_aq0_unweighted_density,338,665,0.07287791
CWLD_aq0_unweighted_density,339,666,0.074272394
CWLD_aq0_unweighted_density,340,667,0.063776836
CWLD_aq0_unweighted_density,341,668,0.06097305
CWLD_aq0_unweighted_density,342,669,0.094115
CWLD_aq0_unweighted_density,343,670,0.114324056
CWLD_aq0_unweighted_density,344,671,0.12648574
CWLD_aq0_unweighted_density,345,672,0.1740781
CWLD_aq0_unweighted_density,346,673,0.17062803
CWLD_aq0_unweighted_density,347,680,0.067107156
CWLD_aq0_unweighted_density,348,681,0.06630438
CWLD_aq0_unweighted_density,349,682,0.060785502
CWLD_aq0_unweighted_density,350,683,0.06805301
CWLD_aq0_unweighted_density,351,684,0.08496101
CWLD_aq0_unweighted_density,352,690,0.05976468
CWLD_aq0_unweighted_density,353,691,0.060573347
CWLD_aq0_unweighted_density,354,692,0.05780533
CWLD_aq0_unweighted_density,355,693,0.062257055
CWLD_aq0_unweighted_density,356,694,0.06929312
CWLD_aq0_unweighted_density,357,695,0.08319998
CWLD_aq0_unweighted_density,358,696,0.09819011
CWLD_aq0_unweighted_density,359,697,0.14106333
CWLD_aq0_unweighted_density,360,698,0.15631366
CWLD_aq0_unweighted_density,361,705,0.055405527
CWLD_aq0_unweighted_density,362,706,0.056671858
CWLD_aq0_unweighted_density,363,707,0.052497927
CWLD_aq0_unweighted_density,364,708,0.057111222
CWLD_aq0_unweighted_density,365,709,0.066734895
CWLD_aq0_unweighted_density,366,710,0.090880014
CWLD_aq0_unweighted_density,367,711,0.1589606
CWLD_aq0_unweighted_density,368,712,0.108323805
CWLD_aq0_unweighted_density,369,724,0.052968804
CWLD_aq0_unweighted_density,370,725,0.05365744
CWLD_aq0_unweighted_density,371,726,0.05373486
CWLD_aq0_unweighted_density,372,727,0.06000431
CWLD_aq0_unweighted_density,373,728,0.060096867
CWLD_aq0_unweighted_density,374,729,0.10192298
CWLD_aq0_unweighted_density,375,730,0.14325024
CWLD_aq0_unweighted_density,376,731,0.2083473
CWLD_aq0_unweighted_density,377,732,0.19042477
CWLD_aq0_unweighted_density,378,741,0.05638949
CWLD_aq0_unweighted_density,379,742,0.059346635
CWLD_aq0_unweighted_density,380,743,0.05918737
CWLD_aq0_unweighted_density,381,744,0.065781474
CWLD_aq0_unweighted_density,382,745,0.068433136
CWLD_aq0_unweighted_density,383,746,0.0789685
CWLD_aq0_unweighted_density,384,747,0.08698118
CWLD_aq0_unweighted_density,385,748,0.09622367
CWLD_aq0_unweighted_density,386,753,0.058396835
CWLD_aq0_unweighted_density,387,754,0.0604443
CWLD_aq0_unweighted_density,388,755,0.05592586
CWLD_aq0_unweighted_density,389,756,0.060697567
CWLD_aq0_unweighted_density,390,757,0.06457519
CWLD_aq0_unweighted_density,391,758,0.10398996
CWLD_aq0_unweighted_density,392,759,0.08759562
CWLD_aq0_unweighted_density,393,760,0.08312062
CWLD_aq0_unweighted_density,394,770,0.05939375
CWLD_aq0_unweighted_density,395,771,0.06186037
CWLD_aq0_unweighted_density,396,772,0.060130864
CWLD_aq0_unweighted_density,397,773,0.06725027
CWLD_aq0_unweighted_density,398,774,0.06933802
CWLD_aq0_unweighted_density,399,775,0.085024245
CWLD_aq0_unweighted_density,400,776,0.07603651
CWLD_aq0_unweighted_density,401,777,0.0919338
CWLD_aq0_unweighted_density,402,789,0.05902595
CWLD_aq0_unweighted_density,403,790,0.06493639
CWLD_aq0_unweighted_density,404,791,0.07294566
CWLD_aq0_unweighted_density,405,792,0.0848506
CWLD_aq0_unweighted_density,406,793,0.07271498
CWLD_aq0_unweighted_density,407,794,0.076265715
CWLD_aq0_unweighted_density,408,795,0.12110252
CWLD_aq0_unweighted_density,409,796,0.11329684
CWLD_aq0_unweighted_density,410,803,0.07490425
CWLD_aq0_unweighted_density,411,804,0.08612925
CWLD_aq0_unweighted_density,412,805,0.081065364
CWLD_aq0_unweighted_density,413,806,0.09042118
CWLD_aq0_unweighted_density,414,807,0.09855873
CWLD_aq0_unweighted_density,415,808,0.1343749
CWLD_aq0_unweighted_density,416,809,0.116919674
CWLD_aq0_unweighted_density,417,810,0.15806094
CWLD_aq0_unweighted_density,418,811,0.16580921
CWLD_aq0_unweighted_density,419,818,0.08681704
CWLD_aq0_unweighted_density,420,819,0.08623907
CWLD_aq0_unweighted_density,421,820,0.08557891
CWLD_aq0_unweighted_density,422,821,0.091648206
CWLD_aq0_unweighted_density,423,822,0.08360164
CWLD_aq0_unweighted_density,424,823,0.075682946
CWLD_aq0_unweighted_density,425,824,0.09287451
CWLD_aq0_unweighted_density,426,834,0.08487589
CWLD_aq0_unweighted_density,427,835,0.08656494
CWLD_aq0_unweighted_density,428,836,0.0907626
CWLD_aq0_unweighted_density,429,837,0.08099812
CWLD_aq0_unweighted_density,430,838,0.09070777
CWLD_aq0_unweighted_density,431,839,0.10077211
CWLD_aq0_unweighted_density,432,840,0.10248269
CWLD_aq0_unweighted_density,433,841,0.11908654
CWLD_aq0_unweighted_density,434,846,0.12554398
CWLD_aq0_unweighted_density,435,847,0.1404556
CWLD_aq0_unweighted_density,436,848,0.14481886
CWLD_aq0_unweighted_density,437,849,0.15782562
CWLD_aq0_unweighted_density,438,850,0.15917501
CWLD_aq0_unweighted_density,439,856,0.14245743
CWLD_aq0_unweighted_density,440,857,0.14714529
CWLD_aq0_unweighted_density,441,858,0.14449096
CWLD_aq0_unweighted_density,442,859,0.15683661
CWLD_aq0_unweighted_density,443,860,0.15030561
CWLD_aq0_unweighted_density,444,861,0.15501761
CWLD_aq0_unweighted_density,445,862,0.17676641
CWLD_aq0_unweighted_density,446,863,0.14379169
CWLD_aq0_unweighted_density,447,868,0.1355066
CWLD_aq0_unweighted_density,448,869,0.13712709
CWLD_aq0_unweighted_density,449,870,0.13335295
CWLD_aq0_unweighted_density,450,871,0.144651
CWLD_aq0_unweighted_density,451,875,0.12354579
CWLD_aq0_unweighted_density,452,876,0.12080073
CWLD_aq0_unweighted_density,453,877,0.10668186
CWLD_aq0_unweighted_density,454,878,0.11960996
CWLD_aq0_unweighted_density,455,879,0.12549737
CWLD_aq0_unweighted_density,456,880,0.121484876
CWLD_aq0_unweighted_density,457,881,0.14116104
CWLD_aq0_unweighted_density,458,882,0.11952148
CWLD_aq0_unweighted_density,459,889,0.09368853
CWLD_aq0_unweighted_density,460,890,0.08642593
CWLD_aq0_unweighted_density,461,891,0.075484194
CWLD_aq0_unweighted_density,462,892,0.07260108
CWLD_aq0_unweighted_density,463,896,0.07782545
CWLD_aq0_unweighted_density,464,897,0.06930052
CWLD_aq0_unweighted_density,465,898,0.06626641
CWLD_aq0_unweighted_density,466,899,0.07121367
CWLD_aq0_unweighted_density,467,900,0.07360774
CWLD_aq0_unweighted_density,468,901,0.07899018
CWLD_aq0_unweighted_density,469,902,0.08621518
CWLD_aq0_unweighted_density,470,910,0.06250219
CWLD_aq0_unweighted_density,471,911,0.059775557
CWLD_aq0_unweighted_density,472,912,0.059403945
CWLD_aq0_unweighted_density,473,913,0.057747703
CWLD_aq0_unweighted_density,474,914,0.058387037
CWLD_aq0_unweighted_density,475,915,0.06508771
CWLD_aq0_unweighted_density,476,916,0.063167825
CWLD_aq0_unweighted_density,477,917,0.077031545
CWLD_aq0_unweighted_density,478,929,0.074524134
CWLD_aq0_unweighted_density,479,930,0.068746805
CWLD_aq0_unweighted_density,480,931,0.06372528
CWLD_aq0_unweighted_density,481,932,0.06816623
CWLD_aq0_unweighted_density,482,933,0.070170395
CWLD_aq0_unweighted_density,483,934,0.07830459
CWLD_aq0_unweighted_density,484,935,0.091860645
CWLD_aq0_unweighted_density,485,936,0.091072924
CWLD_aq0_unweighted_density,486,941,0.06204935
CWLD_aq0_unweighted_density,487,942,0.062363617
CWLD_aq0_unweighted_density,488,943,0.06476379
CWLD_aq0_unweighted_density,489,944,0.069039516
CWLD_aq0_unweighted_density,490,945,0.06386827
CWLD_aq0_unweighted_density,491,946,0.06917462
CWLD_aq0_unweighted_density,492,947,0.07922897
CWLD_aq0_unweighted_density,493,948,0.08334234
CWLD_aq0_unweighted_density,494,949,0.09237693
CWLD_aq0_unweighted_density,495,950,0.09595434
CWLD_aq0_unweighted_density,496,951,0.09735054
CWLD_aq0_unweighted_density,497,961,0.06728482
CWLD_aq0_unweighted_density,498,962,0.07436342
CWLD_aq0_unweighted_density,499,963,0.075629264
CWLD_aq0_unweighted_density,500,964,0.08210232
CWLD_aq0_unweighted_density,501,965,0.08223841
CWLD_aq0_unweighted_density,502,966,0.085426114
CWLD_aq0_unweighted_density,503,967,0.06929493
CWLD_aq0_unweighted_density,504,975,0.072806336
CWLD_aq0_unweighted_density,505,976,0.07686596
CWLD_aq0_unweighted_density,506,977,0.07892281
CWLD_aq0_unweighted_density,507,978,0.08195579
CWLD_aq0_unweighted_density,508,979,0.07824261
CWLD_aq0_unweighted_density,509,980,0.11680913
CWLD_aq0_unweighted_density,510,981,0.106970444
CWLD_aq0_unweighted_density,511,982,0.086404786
CWLD_aq0_unweighted_density,512,983,0.1260477
CWLD_aq0_unweighted_density,513,990,0.08145532
CWLD_aq0_unweighted_density,514,991,0.083708294
CWLD_aq0_unweighted_density,515,992,0.08459652
CWLD_aq0_unweighted_density,516,993,0.089856245
CWLD_aq0_unweighted_density,517,994,0.08694283
CWLD_aq0_unweighted_density,518,995,0.062827505
CWLD_aq0_unweighted_density,519,996,0.07848973
CWLD_aq0_unweighted_density,520,997,0.08272513
CWLD_aq0_unweighted_density,521,998,0.103403375
CWLD_aq0_unweighted_density,522,999,0.09545748
CWLD_aq0_unweighted_density,523,1000,0.10282639
CWLD_aq0_unweighted_density,524,1010,0.08448722
CWLD_aq0_unweighted_density,525,1011,0.08564994
CWLD_aq0_unweighted_density,526,1012,0.08589978
CWLD_aq0_unweighted_density,527,1013,0.093032755
CWLD_aq0_unweighted_density,528,1014,0.08894035
CWLD_aq0_unweighted_density,529,1015,0.10890361
CWLD_aq0_unweighted_density,530,1016,0.19759576
CWLD_aq0_unweighted_density,531,1017,0.08523966
CWLD_aq0_unweighted_density,532,1029,0.08340521
CWLD_aq0_unweighted_density,533,1030,0.085373804
CWLD_aq0_unweighted_density,534,1031,0.08379058
CWLD_aq0_unweighted_density,535,1032,0.0890475
CWLD_aq0_unweighted_density,536,1033,0.087087445
CWLD_aq0_unweighted_density,537,1034,0.09571727
CWLD_aq0_unweighted_density,538,1035,0.09562439
CWLD_aq0_unweighted_density,539,1043,0.08409569
CWLD_aq0_unweighted_density,540,1044,0.07940039
CWLD_aq0_unweighted_density,541,1045,0.07835218
CWLD_aq0_unweighted_density,542,1046,0.083761774
CWLD_aq0_unweighted_density,543,1047,0.085415065
CWLD_aq0_unweighted_density,544,1048,0.12570715
CWLD_aq0_unweighted_density,545,1049,0.129412
CWLD_aq0_unweighted_density,546,1050,0.10778222
CWLD_aq0_unweighted_density,547,1060,0.084549785
CWLD_aq0_unweighted_density,548,1061,0.095715314
CWLD_aq0_unweighted_density,549,1062,0.10388696
CWLD_aq0_unweighted_density,550,1063,0.121355616
CWLD_aq0_unweighted_density,551,1064,0.108892985
CWLD_aq0_unweighted_density,552,1065,0.104542226
CWLD_aq0_unweighted_density,553,1066,0.155452
CWLD_aq0_unweighted_density,554,1067,0.18906479
CWLD_aq0_unweighted_density,555,1077,0.099287055
CWLD_aq0_unweighted_density,556,1078,0.1086201
CWLD_aq0_unweighted_density,557,1079,0.10817682
CWLD_aq0_unweighted_density,558,1080,0.14033581
CWLD_aq0_unweighted_density,559,1081,0.117016
CWLD_aq0_unweighted_density,560,1087,0.08750683
CWLD_aq0_unweighted_density,561,1088,0.09211552
CWLD_aq0_unweighted_density,562,1089,0.09295863
CWLD_aq0_unweighted_density,563,1090,0.1099154
CWLD_aq0_unweighted_density,564,1091,0.10086099
CWLD_aq0_unweighted_density,565,1092,0.13344662
CWLD_aq0_unweighted_density,566,1093,0.17799917
CWLD_aq0_unweighted_density,567,1094,0.15883353
CWLD_aq0_unweighted_density,568,1095,0.17602177
CWLD_aq0_unweighted_density,569,1096,0.2167033
CWLD_aq0_unweighted_density,570,1097,0.17154036
CWLD_aq0_unweighted_density,571,1111,0.090633795
CWLD_aq0_unweighted_density,572,1112,0.096900575
CWLD_aq0_unweighted_density,573,1113,0.095604576
CWLD_aq0_unweighted_density,574,1114,0.11082452
CWLD_aq0_unweighted_density,575,1115,0.11086026
CWLD_aq0_unweighted_density,576,1116,0.091630645
CWLD_aq0_unweighted_density,577,1117,0.10426179
CWLD_aq0_unweighted_density,578,1118,0.15046276
CWLD_aq0_unweighted_density,579,1119,0.17522655
CWLD_aq0_unweighted_density,580,1133,0.091325976
CWLD_aq0_unweighted_density,581,1134,0.09495412
CWLD_aq0_unweighted_density,582,1135,0.094643235
CWLD_aq0_unweighted_density,583,1136,0.10496563
CWLD_aq0_unweighted_density,584,1137,0.10313249
CWLD_aq0_unweighted_density,585,1138,0.11109072
CWLD_aq0_unweighted_density,586,1139,0.1657231
CWLD_aq0_unweighted_density,587,1140,0.21185714
CWLD_aq0_unweighted_density,588,1150,0.10677785
CWLD_aq0_unweighted_density,589,1151,0.12645334
CWLD_aq0_unweighted_density,590,1152,0.14932078
CWLD_aq0_unweighted_density,591,1153,0.15893857
CWLD_aq0_unweighted_density,592,1154,0.14006065
CWLD_aq0_unweighted_density,593,1155,0.20013225
CWLD_aq0_unweighted_density,594,1156,0.23293847
CWLD_aq0_unweighted_density,595,1157,0.28022933
CWLD_aq0_unweighted_density,596,1158,0.30418316
CWLD_aq0_unweighted_density,597,1172,0.20490496
CWLD_aq0_unweighted_density,598,1173,0.24734628
CWLD_aq0_unweighted_density,599,1174,0.25196284
CWLD_aq0_unweighted_density,600,1175,0.2488672
CWLD_aq0_unweighted_density,601,1176,0.32577085
CWLD_aq0_unweighted_density,602,1177,0.3586834
CWLD_aq0_unweighted_density,603,1178,0.3610326
CWLD_aq0_unweighted_density,604,1179,0.4111093
CWLD_aq0_unweighted_density,605,1184,0.2762443
CWLD_aq0_unweighted_density,606,1185,0.31529796
CWLD_aq0_unweighted_density,607,1186,0.2757442
CWLD_aq0_unweighted_density,608,1187,0.31095266
CWLD_aq0_unweighted_density,609,1188,0.3709118
CWLD_aq0_unweighted_density,610,1189,0.38682646
CWLD_aq0_unweighted_density,611,1190,0.4569522
CWLD_aq0_unweighted_density,612,1198,0.2140658
CWLD_aq0_unweighted_density,613,1199,0.19615404
CWLD_aq0_unweighted_density,614,1200,0.14383179
CWLD_aq0_unweighted_density,615,1201,0.18053758
CWLD_aq0_unweighted_density,616,1202,0.22397973
CWLD_aq0_unweighted_density,617,1203,0.29984987
CWLD_aq0_unweighted_density,618,1204,0.33768502
CWLD_aq0_unweighted_density,619,1205,0.3422091
CWLD_aq0_unweighted_density,620,1210,0.104784615
CWLD_aq0_unweighted_density,621,1211,0.08392321
CWLD_aq0_unweighted_density,622,1212,0.08720955
CWLD_aq0_unweighted_density,623,1213,0.118975565
CWLD_aq0_unweighted_density,624,1214,0.13103454
CWLD_aq0_unweighted_density,625,1215,0.1710147
CWLD_aq0_unweighted_density,626,1221,0.07966326
CWLD_aq0_unweighted_density,627,1222,0.08137485
CWLD_aq0_unweighted_density,628,1223,0.07014784
CWLD_aq0_unweighted_density,629,1224,0.074575104
CWLD_aq0_unweighted_density,630,1225,0.0956861
CWLD_aq0_unweighted_density,631,1226,0.113918066
CWLD_aq0_unweighted_density,632,1227,0.13151143
CWLD_aq0_unweighted_density,633,1228,0.16125931
CWLD_aq0_unweighted_density,634,1229,0.19316025
CWLD_aq0_unweighted_density,635,1236,0.064428404
CWLD_aq0_unweighted_density,636,1237,0.061692078
CWLD_aq0_unweighted_density,637,1238,0.058497783
CWLD_aq0_unweighted_density,638,1239,0.0599745
CWLD_aq0_unweighted_density,639,1240,0.06780636
CWLD_aq0_unweighted_density,640,1241,0.10289359
CWLD_aq0_unweighted_density,641,1242,0.13545543
CWLD_aq0_unweighted_density,642,1243,0.16694763
CWLD_aq0_unweighted_density,643,1244,0.17200027
CWLD_aq0_unweighted_density,644,1251,0.060865898
CWLD_aq0_unweighted_density,645,1252,0.06072715
CWLD_aq0_unweighted_density,646,1253,0.054094814
CWLD_aq0_unweighted_density,647,1254,0.05533608
CWLD_aq0_unweighted_density,648,1255,0.074479334
CWLD_aq0_unweighted_density,649,1256,0.077909365
CWLD_aq0_unweighted_density,650,1257,0.11860684
CWLD_aq0_unweighted_density,651,1258,0.1759347
CWLD_aq0_unweighted_density,652,1259,0.14183149
CWLD_aq0_unweighted_density,653,1266,0.056229763
CWLD_aq0_unweighted_density,654,1267,0.056361087
CWLD_aq0_unweighted_density,655,1268,0.052686352
CWLD_aq0_unweighted_density,656,1269,0.05331838
CWLD_aq0_unweighted_density,657,1270,0.06573341
CWLD_aq0_unweighted_density,658,1271,0.07673327
CWLD_aq0_unweighted_density,659,1272,0.08061953
CWLD_aq0_unweighted_density,660,1273,0.09076007
CWLD_aq0_unweighted_density,661,1285,0.0520355
CWLD_aq0_unweighted_density,662,1286,0.054284744
CWLD_aq0_unweighted_density,663,1287,0.05206744
CWLD_aq0_unweighted_density,664,1288,0.059737038
CWLD_aq0_unweighted_density,665,1289,0.06358485
CWLD_aq0_unweighted_density,666,1290,0.077529155
CWLD_aq0_unweighted_density,667,1291,0.12287734
CWLD_aq0_unweighted_density,668,1292,0.1826107
CWLD_aq0_unweighted_density,669,1293,0.26256627
CWLD_aq0_unweighted_density,670,1294,0.31193295
CWLD_aq0_unweighted_density,671,1295,0.318431
CWLD_aq0_unweighted_density,672,1309,0.048854917
CWLD_aq0_unweighted_density,673,1310,0.049861357
CWLD_aq0_unweighted_density,674,1311,0.046845995
CWLD_aq0_unweighted_density,675,1312,0.050430648
CWLD_aq0_unweighted_density,676,1313,0.05671361
CWLD_aq0_unweighted_density,677,1314,0.07666489
CWLD_aq0_unweighted_density,678,1315,0.13339803
CWLD_aq0_unweighted_density,679,1316,0.20598674
CWLD_aq0_unweighted_density,680,1317,0.17691827
CWLD_aq0_unweighted_density,681,1324,0.046951164
CWLD_aq0_unweighted_density,682,1325,0.04695453
CWLD_aq0_unweighted_density,683,1326,0.047467563
CWLD_aq0_unweighted_density,684,1327,0.05177901
CWLD_aq0_unweighted_density,685,1328,0.051157773
CWLD_aq0_unweighted_density,686,1334,0.049214296
CWLD_aq0_unweighted_density,687,1335,0.051868137
CWLD_aq0_unweighted_density,688,1336,0.054464415
CWLD_aq0_unweighted_density,689,1337,0.06357776
CWLD_aq0_unweighted_density,690,1338,0.05444838
CWLD_aq0_unweighted_density,691,1339,0.053046722
CWLD_aq0_unweighted_density,692,1340,0.051132716
CWLD_aq0_unweighted_density,693,1341,0.06331941
CWLD_aq0_unweighted_density,694,1342,0.055129755
CWLD_aq0_unweighted_density,695,1343,0.06731032
CWLD_aq0_unweighted_density,696,1344,0.06245016
CWLD_aq0_unweighted_density,697,1354,0.050627865
CWLD_aq0_unweighted_density,698,1355,0.052624367
CWLD_aq0_unweighted_density,699,1356,0.050342187
CWLD_aq0_unweighted_density,700,1357,0.05998948
CWLD_aq0_unweighted_density,701,1358,0.059143525
CWLD_aq0_unweighted_density,702,1359,0.07873616
CWLD_aq0_unweighted_density,703,1360,0.11034773
CWLD_aq0_unweighted_density,704,1361,0.13826561
CWLD_aq0_unweighted_density,705,1362,0.16962984
CWLD_aq0_unweighted_density,706,1363,0.20410328
CWLD_aq0_unweighted_density,707,1364,0.2065826
CWLD_aq0_unweighted_density,708,1378,0.045965713
CWLD_aq0_unweighted_density,709,1379,0.045746416
CWLD_aq0_unweighted_density,710,1380,0.045766793
CWLD_aq0_unweighted_density,711,1381,0.052324213
CWLD_aq0_unweighted_density,712,1382,0.04702106
CWLD_aq0_unweighted_density,713,1383,0.054278616
CWLD_aq0_unweighted_density,714,1384,0.05716899
CWLD_aq0_unweighted_density,715,1394,0.047876544
CWLD_aq0_unweighted_density,716,1395,0.04851935
CWLD_aq0_unweighted_density,717,1396,0.04726311
CWLD_aq0_unweighted_density,718,1397,0.05311352
CWLD_aq0_unweighted_density,719,1398,0.05543618
CWLD_aq0_unweighted_density,720,1399,0.053305108
CWLD_aq0_unweighted_density,721,1400,0.06115767
CWLD_aq0_unweighted_density,722,1401,0.05608689
CWLD_aq0_unweighted_density,723,1402,0.06500265
CWLD_aq0_unweighted_density,724,1403,0.05899999
CWLD_aq0_unweighted_density,725,1404,0.061975576
CWLD_aq0_unweighted_density,726,1414,0.047739014
CWLD_aq0_unweighted_density,727,1415,0.045783423
CWLD_aq0_unweighted_density,728,1416,0.051223915
CWLD_aq0_unweighted_density,729,1417,0.058018543
CWLD_aq0_unweighted_density,730,1418,0.05380246
CWLD_aq0_unweighted_density,731,1419,0.049718812
CWLD_aq0_unweighted_density,732,1420,0.052171305
CWLD_aq0_unweighted_density,733,1421,0.05986697
CWLD_aq0_unweighted_density,734,1426,0.058751006
CWLD_aq0_unweighted_density,735,1427,0.06818507
CWLD_aq0_unweighted_density,736,1428,0.07292883
CWLD_aq0_unweighted_density,737,1429,0.09097659
CWLD_aq0_unweighted_density,738,1430,0.06760006
CWLD_aq0_unweighted_density,739,1431,0.07761744
CWLD_aq0_unweighted_density,740,1432,0.07662605
CWLD_aq0_unweighted_density,741,1433,0.06983821
CWLD_aq0_unweighted_density,742,1434,0.07087014
CWLD_aq0_unweighted_density,743,1448,0.064062476
CWLD_aq0_unweighted_density,744,1449,0.06614621
CWLD_aq0_unweighted_density,745,1450,0.06815157
CWLD_aq0_unweighted_density,746,1451,0.08079276
CWLD_aq0_unweighted_density,747,1452,0.06722878
CWLD_aq0_unweighted_density,748,1453,0.06536806
CWLD_aq0_unweighted_density,749,1454,0.09538618
CWLD_aq0_unweighted_density,750,1455,0.08992576
CWLD_aq0_unweighted_density,751,1460,0.06283785
CWLD_aq0_unweighted_density,752,1461,0.06518595
CWLD_aq0_unweighted_density,753,1462,0.06337203
CWLD_aq0_unweighted_density,754,1463,0.07534318
CWLD_aq0_unweighted_density,755,1467,0.058549583
CWLD_aq0_unweighted_density,756,1468,0.0587905
CWLD_aq0_unweighted_density,757,1469,0.057992887
CWLD_aq0_unweighted_density,758,1470,0.06726399
CWLD_aq0_unweighted_density,759,1471,0.0619607
CWLD_aq0_unweighted_density,760,1472,0.054046407
CWLD_aq0_unweighted_density,761,1473,0.0677144
CWLD_aq0_unweighted_density,762,1474,0.05051777
CWLD_aq0_unweighted_density,763,1481,0.056352492
CWLD_aq0_unweighted_density,764,1482,0.0575352
CWLD_aq0_unweighted_density,765,1483,0.049942862
CWLD_aq0_unweighted_density,766,1484,0.059036236
CWLD_aq0_unweighted_density,767,1488,0.044695225
CWLD_aq0_unweighted_density,768,1489,0.042606477
CWLD_aq0_unweighted_density,769,1490,0.03858383
CWLD_aq0_unweighted_density,770,1491,0.0460632
CWLD_aq0_unweighted_density,771,1492,0.04949966
CWLD_aq0_unweighted_density,772,1493,0.061255824
CWLD_aq0_unweighted_density,773,1494,0.085013494
CWLD_aq0_unweighted_density,774,1495,0.07871005
CWLD_aq0_unweighted_density,775,1496,0.11189165
CWLD_aq0_unweighted_density,776,1497,0.10760623
CWLD_aq0_unweighted_density,777,1498,0.120885536
CWLD_aq0_unweighted_density,778,1499,0.15739383
CWLD_aq0_unweighted_density,779,1509,0.03907482
CWLD_aq0_unweighted_density,780,1510,0.037796862
CWLD_aq0_unweighted_density,781,1511,0.04037865
CWLD_aq0_unweighted_density,782,1512,0.04553968
CWLD_aq0_unweighted_density,783,1513,0.040604733
CWLD_aq0_unweighted_density,784,1514,0.049303725
CWLD_aq0_unweighted_density,785,1515,0.047810867
CWLD_aq0_unweighted_density,786,1516,0.060171213
CWLD_aq0_unweighted_density,787,1528,0.049688045
CWLD_aq0_unweighted_density,788,1529,0.053918745
CWLD_aq0_unweighted_density,789,1530,0.051779818
CWLD_aq0_unweighted_density,790,1531,0.051016454
CWLD_aq0_unweighted_density,791,1532,0.061917946
CWLD_aq0_unweighted_density,792,1533,0.089370064
CWLD_aq0_unweighted_density,793,1539,0.05639951
CWLD_aq0_unweighted_density,794,1540,0.056322508
CWLD_aq0_unweighted_density,795,1541,0.053685807
CWLD_aq0_unweighted_density,796,1542,0.056821328
CWLD_aq0_unweighted_density,797,1543,0.06380602
CWLD_aq0_unweighted_density,798,1549,0.05305467
CWLD_aq0_unweighted_density,799,1550,0.051580414
CWLD_aq0_unweighted_density,800,1551,0.049093977
CWLD_aq0_unweighted_density,801,1552,0.052991822
CWLD_aq0_unweighted_density,802,1553,0.06108571
CWLD_aq0_unweighted_density,803,1559,0.049961396
CWLD_aq0_unweighted_density,804,1560,0.048390508
CWLD_aq0_unweighted_density,805,1561,0.047391906
CWLD_aq0_unweighted_density,806,1562,0.050070915
CWLD_aq0_unweighted_density,807,1563,0.049466085
CWLD_aq0_unweighted_density,808,1564,0.066084296
CWLD_aq0_unweighted_density,809,1565,0.06839337
CWLD_aq0_unweighted_density,810,1566,0.04711927
CWLD_aq0_unweighted_density,811,1567,0.12693024
CWLD_aq0_unweighted_density,812,1574,0.046550684
CWLD_aq0_unweighted_density,813,1575,0.04782102
CWLD_aq0_unweighted_density,814,1576,0.048524216
CWLD_aq0_unweighted_density,815,1577,0.051810168
CWLD_aq0_unweighted_density,816,1578,0.05117301
CWLD_aq0_unweighted_density,817,1579,0.07064354
CWLD_aq0_unweighted_density,818,1580,0.103819914
CWLD_aq0_unweighted_density,819,1581,0.12955326
CWLD_aq0_unweighted_density,820,1593,0.049689904
CWLD_aq0_unweighted_density,821,1594,0.051814742
CWLD_aq0_unweighted_density,822,1595,0.05267285
CWLD_aq0_unweighted_density,823,1596,0.056510128
CWLD_aq0_unweighted_density,824,1597,0.05477834
CWLD_aq0_unweighted_density,825,1598,0.06388769
CWLD_aq0_unweighted_density,826,1599,0.0792801
CWLD_aq0_unweighted_density,827,1600,0.10746748
CWLD_aq0_unweighted_density,828,1601,0.17682754
CWLD_aq0_unweighted_density,829,1602,0.23894845
CWLD_aq0_unweighted_density,830,1603,0.20706095
CWLD_aq0_unweighted_density,831,1617,0.05073473
CWLD_aq0_unweighted_density,832,1618,0.05286212
CWLD_aq0_unweighted_density,833,1619,0.0521871
CWLD_aq0_unweighted_density,834,1620,0.059091497
CWLD_aq0_unweighted_density,835,1621,0.0557475
CWLD_aq0_unweighted_density,836,1622,0.055120513
CWLD_aq0_unweighted_density,837,1623,0.066800684
CWLD_aq0_unweighted_density,838,1624,0.058007587
CWLD_aq0_unweighted_density,839,1625,0.05939978
CWLD_aq0_unweighted_density,840,1626,0.06328588
CWLD_aq0_unweighted_density,841,1634,0.048727915
CWLD_aq0_unweighted_density,842,1635,0.047264352
CWLD_aq0_unweighted_density,843,1636,0.051332865
CWLD_aq0_unweighted_density,844,1637,0.05737114
CWLD_aq0_unweighted_density,845,1638,0.04472742
CWLD_aq0_unweighted_density,846,1639,0.055018682
CWLD_aq0_unweighted_density,847,1640,0.051266935
CWLD_aq0_unweighted_density,848,1650,0.05273917
CWLD_aq0_unweighted_density,849,1651,0.057722863
CWLD_aq0_unweighted_density,850,1652,0.068721555
CWLD_aq0_unweighted_density,851,1653,0.08286401
CWLD_aq0_unweighted_density,852,1654,0.05799731
CWLD_aq0_unweighted_density,853,1655,0.061389897
CWLD_aq0_unweighted_density,854,1656,0.08763892
CWLD_aq0_unweighted_density,855,1657,0.08779644
CWLD_aq0_unweighted_density,856,1667,0.069027446
CWLD_aq0_unweighted_density,857,1668,0.08107016
CWLD_aq0_unweighted_density,858,1669,0.08112885
CWLD_aq0_unweighted_density,859,1670,0.090568796
CWLD_aq0_unweighted_density,860,1671,0.09008845
CWLD_aq0_unweighted_density,861,1672,0.10907514
CWLD_aq0_unweighted_density,862,1673,0.088170215
CWLD_aq0_unweighted_density,863,1681,0.07215583
CWLD_aq0_unweighted_density,864,1682,0.068571426
CWLD_aq0_unweighted_density,865,1683,0.075760655
CWLD_aq0_unweighted_density,866,1684,0.091259204
CWLD_aq0_unweighted_density,867,1685,0.056314066
CWLD_aq0_unweighted_density,868,1686,0.060975492
CWLD_aq0_unweighted_density,869,1687,0.076200575
CWLD_aq0_unweighted_density,870,1688,0.06331456
CWLD_aq0_unweighted_density,871,1695,0.070630044
CWLD_aq0_unweighted_density,872,1696,0.081432976
CWLD_aq0_unweighted_density,873,1697,0.09455443
CWLD_aq0_unweighted_density,874,1698,0.106979124
CWLD_aq0_unweighted_density,875,1699,0.09023498
CWLD_aq0_unweighted_density,876,1700,0.09995702
CWLD_aq0_unweighted_density,877,1701,0.12797688
CWLD_aq0_unweighted_density,878,1702,0.11608995
CWLD_aq0_unweighted_density,879,1714,0.10160459
CWLD_aq0_unweighted_density,880,1715,0.113855086
CWLD_aq0_unweighted_density,881,1716,0.08587968
CWLD_aq0_unweighted_density,882,1717,0.07691469
CWLD_aq0_unweighted_density,883,1721,0.08900335
CWLD_aq0_unweighted_density,884,1722,0.06957712
CWLD_aq0_unweighted_density,885,1723,0.07973338
CWLD_aq0_unweighted_density,886,1724,0.1135878
CWLD_aq0_unweighted_density,887,1725,0.088826336
CWLD_aq0_unweighted_density,888,1726,0.08750255
CWLD_aq0_unweighted_density,889,1727,0.10582661
CWLD_aq0_unweighted_density,890,1728,0.13260502
CWLD_aq0_unweighted_density,891,1729,0.1201332
CWLD_aq0_unweighted_density,892,1736,0.095751554
CWLD_aq0_unweighted_density,893,1737,0.14249107
CWLD_aq0_unweighted_density,894,1738,0.12071212
CWLD_aq0_unweighted_density,895,1739,0.13252562
CWLD_aq0_unweighted_density,896,1740,0.21207729
CWLD_aq0_unweighted_density,897,1741,0.23352653
CWLD_aq0_unweighted_density,898,1742,0.18437663
CWLD_aq0_unweighted_density,899,1743,0.21423213
CWLD_aq0_unweighted_density,900,1744,0.19743699
CWLD_aq0_unweighted_density,901,1758,0.104514875
CWLD_aq0_unweighted_density,902,1759,0.08749936
CWLD_aq0_unweighted_density,903,1760,0.08006535
CWLD_aq0_unweighted_density,904,1761,0.08840304
CWLD_aq0_unweighted_density,905,1762,0.095709205
CWLD_aq0_unweighted_density,906,1763,0.090735905
CWLD_aq0_unweighted_density,907,1764,0.16630316
CWLD_aq0_unweighted_density,908,1765,0.09934211
CWLD_aq0_unweighted_density,909,1777,0.077381335
CWLD_aq0_unweighted_density,910,1778,0.080696166
CWLD_aq0_unweighted_density,911,1779,0.07023917
CWLD_aq0_unweighted_density,912,1780,0.07271955
CWLD_aq0_unweighted_density,913,1781,0.100491166
CWLD_aq0_unweighted_density,914,1782,0.14951666
CWLD_aq0_unweighted_density,915,1783,0.12356154
CWLD_aq0_unweighted_density,916,1791,0.07121555
CWLD_aq0_unweighted_density,917,1792,0.074984506
CWLD_aq0_unweighted_density,918,1793,0.06331187
CWLD_aq0_unweighted_density,919,1794,0.06381839
CWLD_aq0_unweighted_density,920,1795,0.09581293
CWLD_aq0_unweighted_density,921,1796,0.110292315
CWLD_aq0_unweighted_density,922,1797,0.13139373
CWLD_aq0_unweighted_density,923,1798,0.17624362
CWLD_aq0_unweighted_density,924,1803,0.063923135
CWLD_aq0_unweighted_density,925,1804,0.06731035
CWLD_aq0_unweighted_density,926,1805,0.062800705
CWLD_aq0_unweighted_density,927,1806,0.07640832
CWLD_aq0_unweighted_density,928,1807,0.0855842
CWLD_aq0_unweighted_density,929,1808,0.111070864
CWLD_aq0_unweighted_density,930,1809,0.15673058
CWLD_aq0_unweighted_density,931,1810,0.23129287
CWLD_aq0_unweighted_density,932,1811,0.20061499
CWLD_aq0_unweighted_density,933,1818,0.05870642
CWLD_aq0_unweighted_density,934,1819,0.064287476
CWLD_aq0_unweighted_density,935,1820,0.061649583
CWLD_aq0_unweighted_density,936,1821,0.06955156
CWLD_aq0_unweighted_density,937,1822,0.07990674
CWLD_aq0_unweighted_density,938,1823,0.11740392
CWLD_aq0_unweighted_density,939,1824,0.16536745
CWLD_aq0_unweighted_density,940,1825,0.1964297
CWLD_aq0_unweighted_density,941,1826,0.2506848
CWLD_aq0_unweighted_density,942,1833,0.056681745
CWLD_aq0_unweighted_density,943,1834,0.05332514
CWLD_aq0_unweighted_density,944,1835,0.051429324
CWLD_aq0_unweighted_density,945,1836,0.054855354
CWLD_aq0_unweighted_density,946,1837,0.053636204
CWLD_aq0_unweighted_density,947,1838,0.06663599
CWLD_aq0_unweighted_density,948,1839,0.06689289
CWLD_aq0_unweighted_density,949,1849,0.05141009
CWLD_aq0_unweighted_density,950,1850,0.054238673
CWLD_aq0_unweighted_density,951,1851,0.057900816
CWLD_aq0_unweighted_density,952,1852,0.06364075
CWLD_aq0_unweighted_density,953,1853,0.060398843
CWLD_aq0_unweighted_density,954,1854,0.123178236
CWLD_aq0_unweighted_density,955,1855,0.1510473
CWLD_aq0_unweighted_density,956,1856,0.17636181
CWLD_aq0_unweighted_density,957,1861,0.062272537
CWLD_aq0_unweighted_density,958,1862,0.06867886
CWLD_aq0_unweighted_density,959,1863,0.06436488
CWLD_aq0_unweighted_density,960,1864,0.069112495
CWLD_aq0_unweighted_density,961,1865,0.08152574
CWLD_aq0_unweighted_density,962,1866,0.091078386
CWLD_aq0_unweighted_density,963,1867,0.10617518
CWLD_aq0_unweighted_density,964,1868,0.16666296
CWLD_aq0_unweighted_density,965,1869,0.16929053
CWLD_aq0_unweighted_density,966,1876,0.060504396
CWLD_aq0_unweighted_density,967,1877,0.05641487
CWLD_aq0_unweighted_density,968,1878,0.052412726
CWLD_aq0_unweighted_density,969,1879,0.06009389
CWLD_aq0_unweighted_density,970,1880,0.058960706
CWLD_aq0_unweighted_density,971,1881,0.058112025
CWLD_aq0_unweighted_density,972,1882,0.06478279
CWLD_aq0_unweighted_density,973,1883,0.06714976
CWLD_aq0_unweighted_density,974,1893,0.047445387
CWLD_aq0_unweighted_density,975,1894,0.04922228
CWLD_aq0_unweighted_density,976,1895,0.057735678
CWLD_aq0_unweighted_density,977,1896,0.062112015
CWLD_aq0_unweighted_density,978,1897,0.05258513
CWLD_aq0_unweighted_density,979,1898,0.054947663
CWLD_aq0_unweighted_density,980,1899,0.06472719
CWLD_aq0_unweighted_density,981,1900,0.064590566
CWLD_aq0_unweighted_density,982,1912,0.06345174
CWLD_aq0_unweighted_density,983,1913,0.07539286
CWLD_aq0_unweighted_density,984,1914,0.07674971
CWLD_aq0_unweighted_density,985,1915,0.08449192
CWLD_aq0_unweighted_density,986,1916,0.09112033
CWLD_aq0_unweighted_density,987,1917,0.109387994
CWLD_aq0_unweighted_density,988,1918,0.1231
CWLD_aq0_unweighted_density,989,1919,0.13281658
CWLD_aq0_unweighted_density,990,1920,0.19043465
CWLD_aq0_unweighted_density,991,1921,0.26861724
CWLD_aq0_unweighted_density,992,1922,0.21511465
CWLD_aq0_unweighted_density,993,1936,0.07390688
CWLD_aq0_unweighted_density,994,1937,0.077382654
CWLD_aq0_unweighted_density,995,1938,0.06863016
CWLD_aq0_unweighted_density,996,1939,0.08149847
CWLD_aq0_unweighted_density,997,1940,0.08273092
CWLD_aq0_unweighted_density,998,1941,0.09401339
CWLD_aq0_unweighted_density,999,1942,0.09551104
CWLD_aq0_unweighted_density,1000,1943,0.14736602
CWLD_aq0_unweighted_density,1001,1944,0.099557504
CWLD_aq0_unweighted_density,1002,1951,0.05587494
CWLD_aq0_unweighted_density,1003,1952,0.0536635
CWLD_aq0_unweighted_density,1004,1953,0.056597807
CWLD_aq0_unweighted_density,1005,1954,0.06857755
CWLD_aq0_unweighted_density,1006,1955,0.05332841
CWLD_aq0_unweighted_density,1007,1961,0.057544403
CWLD_aq0_unweighted_density,1008,1962,0.06169096
CWLD_aq0_unweighted_density,1009,1963,0.068565376
CWLD_aq0_unweighted_density,1010,1964,0.09523188
CWLD_aq0_unweighted_density,1011,1965,0.07242126
CWLD_aq0_unweighted_density,1012,1966,0.086365975
CWLD_aq0_unweighted_density,1013,1967,0.10591722
CWLD_aq0_unweighted_density,1014,1968,0.10617177
CWLD_aq0_unweighted_density,1015,1973,0.072123885
CWLD_aq0_unweighted_density,1016,1974,0.076574504
CWLD_aq0_unweighted_density,1017,1975,0.0862741
CWLD_aq0_unweighted_density,1018,1976,0.09976856
CWLD_aq0_unweighted_density,1019,1977,0.08482827
CWLD_aq0_unweighted_density,1020,1978,0.09485996
CWLD_aq0_unweighted_density,1021,1979,0.09872879
CWLD_aq0_unweighted_density,1022,1980,0.11284888
CWLD_aq0_unweighted_density,1023,1992,0.08836068
CWLD_aq0_unweighted_density,1024,1993,0.10144217
CWLD_aq0_unweighted_density,1025,1994,0.10364969
CWLD_aq0_unweighted_density,1026,1995,0.119112276
CWLD_aq0_unweighted_density,1027,1996,0.11378339
CWLD_aq0_unweighted_density,1028,1997,0.115743734
CWLD_aq0_unweighted_density,1029,1998,0.113320634
CWLD_aq0_unweighted_density,1030,1999,0.14013815
CWLD_aq0_unweighted_density,1031,2004,0.09579565
CWLD_aq0_unweighted_density,1032,2005,0.10243518
CWLD_aq0_unweighted_density,1033,2006,0.10746846
CWLD_aq0_unweighted_density,1034,2007,0.13121003
CWLD_aq0_unweighted_density,1035,2011,0.101692565
CWLD_aq0_unweighted_density,1036,2012,0.10904091
CWLD_aq0_unweighted_density,1037,2013,0.10679251
CWLD_aq0_unweighted_density,1038,2014,0.11958059
CWLD_aq0_unweighted_density,1039,2015,0.11373946
CWLD_aq0_unweighted_density,1040,2016,0.101033114
CWLD_aq0_unweighted_density,1041,2017,0.11356421
CWLD_aq0_unweighted_density,1042,2018,0.095905654
CWLD_aq0_unweighted_density,1043,2023,0.101985745
CWLD_aq0_unweighted_density,1044,2024,0.10338503
CWLD_aq0_unweighted_density,1045,2025,0.07793226
CWLD_aq0_unweighted_density,1046,2026,0.0731913
CWLD_aq0_unweighted_density,1047,2030,0.07099062
CWLD_aq0_unweighted_density,1048,2031,0.056880344
CWLD_aq0_unweighted_density,1049,2032,0.05905642
CWLD_aq0_unweighted_density,1050,2033,0.07120201
CWLD_aq0_unweighted_density,1051,2034,0.05805795
CWLD_aq0_unweighted_density,1052,2035,0.05855786
CWLD_aq0_unweighted_density,1053,2036,0.06560206
CWLD_aq0_unweighted_density,1054,2037,0.13252948
CWLD_aq0_unweighted_density,1055,2038,0.08243816
CWLD_aq0_unweighted_density,1056,2047,0.053600952
CWLD_aq0_unweighted_density,1057,2048,0.049954437
CWLD_aq0_unweighted_density,1058,2049,0.046569
CWLD_aq0_unweighted_density,1059,2050,0.041904252
CWLD_aq0_unweighted_density,1060,2051,0.04819198
CWLD_aq0_unweighted_density,1061,2052,0.054854732
CWLD_aq0_unweighted_density,1062,2053,0.06002068
CWLD_aq0_unweighted_density,1063,2063,0.057926055
CWLD_aq0_unweighted_density,1064,2064,0.056254257
CWLD_aq0_unweighted_density,1065,2065,0.053694822
CWLD_aq0_unweighted_density,1066,2066,0.05943549
CWLD_aq0_unweighted_density,1067,2067,0.06259528
CWLD_aq0_unweighted_density,1068,2068,0.06047724
CWLD_aq0_unweighted_density,1069,2069,0.11290769
CWLD_aq0_unweighted_density,1070,2070,0.1054873
CWLD_aq0_unweighted_density,1071,2077,0.052381627
CWLD_aq0_unweighted_density,1072,2078,0.052113444
CWLD_aq0_unweighted_density,1073,2079,0.053425223
CWLD_aq0_unweighted_density,1074,2080,0.054606188
CWLD_aq0_unweighted_density,1075,2081,0.058232896
CWLD_aq0_unweighted_density,1076,2082,0.05857657
CWLD_aq0_unweighted_density,1077,2083,0.06293545
CWLD_aq0_unweighted_density,1078,2084,0.070216924
CWLD_aq0_unweighted_density,1079,2085,0.068954
CWLD_aq0_unweighted_density,1080,2086,0.07430173
CWLD_aq0_unweighted_density,1081,2087,0.06989726
CWLD_aq0_unweighted_density,1082,2088,0.079823
CWLD_aq0_unweighted_density,1083,2098,0.059266917
CWLD_aq0_unweighted_density,1084,2099,0.0638066
CWLD_aq0_unweighted_density,1085,2100,0.06330362
CWLD_aq0_unweighted_density,1086,2101,0.07170584
CWLD_aq0_unweighted_density,1087,2102,0.07760856
CWLD_aq0_unweighted_density,1088,2103,0.106840625
CWLD_aq0_unweighted_density,1089,2104,0.16706736
CWLD_aq0_unweighted_density,1090,2105,0.22657757
CWLD_aq0_unweighted_density,1091,2106,0.22199392
CWLD_aq0_unweighted_density,1092,2113,0.063276045
CWLD_aq0_unweighted_density,1093,2114,0.06748099
CWLD_aq0_unweighted_density,1094,2115,0.0670683
CWLD_aq0_unweighted_density,1095,2116,0.07657433
CWLD_aq0_unweighted_density,1096,2117,0.07219105
CWLD_aq0_unweighted_density,1097,2118,0.074819095
CWLD_aq0_unweighted_density,1098,2119,0.07680843
CWLD_aq0_unweighted_density,1099,2120,0.1240406
CWLD_aq0_unweighted_density,1100,2121,0.0659063
CWLD_aq0_unweighted_density,1101,2128,0.06062152
CWLD_aq0_unweighted_density,1102,2129,0.059850175
CWLD_aq0_unweighted_density,1103,2130,0.060679268
CWLD_aq0_unweighted_density,1104,2131,0.06833018
CWLD_aq0_unweighted_density,1105,2132,0.057888266
CWLD_aq0_unweighted_density,1106,2133,0.054525673
CWLD_aq0_unweighted_density,1107,2134,0.070542775
CWLD_aq0_unweighted_density,1108,2135,0.05959873
CWLD_aq0_unweighted_density,1109,2136,0.07484203
CWLD_aq0_unweighted_density,1110,2137,0.06939887
CWLD_aq0_unweighted_density,1111,2138,0.06983921
CWLD_aq0_unweighted_density,1112,2148,0.059579145
CWLD_aq0_unweighted_density,1113,2149,0.061258998
CWLD_aq0_unweighted_density,1114,2150,0.060684547
CWLD_aq0_unweighted_density,1115,2151,0.06334709
CWLD_aq0_unweighted_density,1116,2152,0.06531798
CWLD_aq0_unweighted_density,1117,2153,0.08065358
CWLD_aq0_unweighted_density,1118,2154,0.07079564
CWLD_aq0_unweighted_density,1119,2164,0.0625831
CWLD_aq0_unweighted_density,1120,2165,0.06724436
CWLD_aq0_unweighted_density,1121,2166,0.07018692
CWLD_aq0_unweighted_density,1122,2167,0.08048258
CWLD_aq0_unweighted_density,1123,2168,0.0711667
CWLD_aq0_unweighted_density,1124,2169,0.09989991
CWLD_aq0_unweighted_density,1125,2170,0.15010609
CWLD_aq0_unweighted_density,1126,2171,0.23380224
CWLD_aq0_unweighted_density,1127,2172,0.17557816
CWLD_aq0_unweighted_density,1128,2181,0.06872514
CWLD_aq0_unweighted_density,1129,2182,0.073787
CWLD_aq0_unweighted_density,1130,2183,0.07825217
CWLD_aq0_unweighted_density,1131,2184,0.08217357
CWLD_aq0_unweighted_density,1132,2185,0.07738538
CWLD_aq0_unweighted_density,1133,2186,0.081054024
CWLD_aq0_unweighted_density,1134,2187,0.08723781
CWLD_aq0_unweighted_density,1135,2188,0.1681926
CWLD_aq0_unweighted_density,1136,2198,0.08395461
CWLD_aq0_unweighted_density,1137,2199,0.09255333
CWLD_aq0_unweighted_density,1138,2200,0.092510924
CWLD_aq0_unweighted_density,1139,2201,0.11085306
CWLD_aq0_unweighted_density,1140,2202,0.094352886
CWLD_aq0_unweighted_density,1141,2203,0.11205305
CWLD_aq0_unweighted_density,1142,2204,0.08726055
CWLD_aq0_unweighted_density,1143,2205,0.102320135
CWLD_aq0_unweighted_density,1144,2215,0.08540238
CWLD_aq0_unweighted_density,1145,2216,0.09496174
CWLD_aq0_unweighted_density,1146,2217,0.10904
CWLD_aq0_unweighted_density,1147,2218,0.12694073
CWLD_aq0_unweighted_density,1148,2219,0.09486282
CWLD_aq0_unweighted_density,1149,2220,0.098724745
CWLD_aq0_unweighted_density,1150,2221,0.088687085
CWLD_aq0_unweighted_density,1151,2229,0.12041728
CWLD_aq0_unweighted_density,1152,2230,0.13977796
CWLD_aq0_unweighted_density,1153,2231,0.13710077
CWLD_aq0_unweighted_density,1154,2232,0.19966134
CWLD_aq0_unweighted_density,1155,2233,0.18113686
CWLD_aq0_unweighted_density,1156,2239,0.15640637
CWLD_aq0_unweighted_density,1157,2240,0.18209237
CWLD_aq0_unweighted_density,1158,2241,0.1829835
CWLD_aq0_unweighted_density,1159,2242,0.239506
CWLD_aq0_unweighted_density,1160,2243,0.217896
CWLD_aq0_unweighted_density,1161,2244,0.27474803
CWLD_aq0_unweighted_density,1162,2245,0.33771536
CWLD_aq0_unweighted_density,1163,2246,0.40609828
CWLD_aq0_unweighted_density,1164,2247,0.4724132
CWLD_aq0_unweighted_density,1165,2248,0.1771105
CWLD_aq0_unweighted_density,1166,2262,0.49478638
CWLD_aq0_unweighted_density,1167,2263,0.4018063
CWLD_aq0_unweighted_density,1168,2264,0.3508981
CWLD_aq0_unweighted_density,1169,2265,0.37895864
CWLD_aq0_unweighted_density,1170,2266,0.382713
CWLD_aq0_unweighted_density,1171,2267,0.3936479
CWLD_aq0_unweighted_density,1172,2268,0.38023588
CWLD_aq0_unweighted_density,1173,2280,0.30278152
CWLD_aq0_unweighted_density,1174,2281,0.2593384
CWLD_aq0_unweighted_density,1175,2282,0.18772809
CWLD_aq0_unweighted_density,1176,2283,0.19323528
CWLD_aq0_unweighted_density,1177,2284,0.30989555
CWLD_aq0_unweighted_density,1178,2285,0.28835812
CWLD_aq0_unweighted_density,1179,2286,0.35060927
CWLD_aq0_unweighted_density,1180,2287,0.3543915
CWLD_aq0_unweighted_density,1181,2288,0.31023094
CWLD_aq0_unweighted_density,1182,2302,0.15819852
CWLD_aq0_unweighted_density,1183,2303,0.112654924
CWLD_aq0_unweighted_density,1184,2304,0.09321105
CWLD_aq0_unweighted_density,1185,2305,0.10667226
CWLD_aq0_unweighted_density,1186,2306,0.1623957
CWLD_aq0_unweighted_density,1187,2307,0.21097124
CWLD_aq0_unweighted_density,1188,2308,0.24498133
CWLD_aq0_unweighted_density,1189,2309,0.29556936
CWLD_aq0_unweighted_density,1190,2321,0.081040055
CWLD_aq0_unweighted_density,1191,2322,0.076451324
CWLD_aq0_unweighted_density,1192,2323,0.07218289
CWLD_aq0_unweighted_density,1193,2324,0.082588345
CWLD_aq0_unweighted_density,1194,2325,0.08463941
CWLD_aq0_unweighted_density,1195,2326,0.10107682
CWLD_aq0_unweighted_density,1196,2327,0.090683356
CWLD_aq0_unweighted_density,1197,2328,0.12594628
CWLD_aq0_unweighted_density,1198,2340,0.068986796
CWLD_aq0_unweighted_density,1199,2341,0.07178459
CWLD_aq0_unweighted_density,1200,2342,0.06619008
CWLD_aq0_unweighted_density,1201,2343,0.072924845
CWLD_aq0_unweighted_density,1202,2344,0.084201805
CWLD_aq0_unweighted_density,1203,2345,0.09340074
CWLD_aq0_unweighted_density,1204,2346,0.07377089
CWLD_aq0_unweighted_density,1205,2354,0.06572387
CWLD_aq0_unweighted_density,1206,2355,0.06802889
CWLD_aq0_unweighted_density,1207,2356,0.05733679
CWLD_aq0_unweighted_density,1208,2357,0.059935857
CWLD_aq0_unweighted_density,1209,2358,0.07587712
CWLD_aq0_unweighted_density,1210,2359,0.07768355
CWLD_aq0_unweighted_density,1211,2365,0.057156015
CWLD_aq0_unweighted_density,1212,2366,0.056471873
CWLD_aq0_unweighted_density,1213,2367,0.05224175
CWLD_aq0_unweighted_density,1214,2368,0.062117416
CWLD_aq0_unweighted_density,1215,2369,0.06543134
CWLD_aq0_unweighted_density,1216,2370,0.060245074
CWLD_aq0_unweighted_density,1217,2371,0.06731076
CWLD_aq0_unweighted_density,1218,2372,0.058093455
CWLD_aq0_unweighted_density,1219,2373,0.06326859
CWLD_aq0_unweighted_density,1220,2374,0.06542745
CWLD_aq0_unweighted_density,1221,2375,0.067259826
CWLD_aq0_unweighted_density,1222,2376,0.07209259
CWLD_aq0_unweighted_density,1223,2377,0.073585086
CWLD_aq0_unweighted_density,1224,2378,0.07659961
CWLD_aq0_unweighted_density,1225,2389,0.048472233
CWLD_aq0_unweighted_density,1226,2390,0.05236422
CWLD_aq0_unweighted_density,1227,2391,0.05168388
CWLD_aq0_unweighted_density,1228,2392,0.059448477
CWLD_aq0_unweighted_density,1229,2393,0.061876994
CWLD_aq0_unweighted_density,1230,2394,0.12146701
CWLD_aq0_unweighted_density,1231,2395,0.10460126
CWLD_aq0_unweighted_density,1232,2403,0.0513714
CWLD_aq0_unweighted_density,1233,2404,0.05332518
CWLD_aq0_unweighted_density,1234,2405,0.05419663
CWLD_aq0_unweighted_density,1235,2406,0.058707047
CWLD_aq0_unweighted_density,1236,2407,0.057200916
CWLD_aq0_unweighted_density,1237,2408,0.06636456
CWLD_aq0_unweighted_density,1238,2409,0.06419016
CWLD_aq0_unweighted_density,1239,2417,0.05287165
CWLD_aq0_unweighted_density,1240,2418,0.056174364
CWLD_aq0_unweighted_density,1241,2419,0.055406097
CWLD_aq0_unweighted_density,1242,2420,0.06243198
CWLD_aq0_unweighted_density,1243,2421,0.060722385
CWLD_aq0_unweighted_density,1244,2422,0.07189282
CWLD_aq0_unweighted_density,1245,2423,0.062747315
CWLD_aq0_unweighted_density,1246,2433,0.05266024
CWLD_aq0_unweighted_density,1247,2434,0.054563694
CWLD_aq0_unweighted_density,1248,2435,0.054028586
CWLD_aq0_unweighted_density,1249,2436,0.055805147
CWLD_aq0_unweighted_density,1250,2437,0.06049608
CWLD_aq0_unweighted_density,1251,2438,0.0789226
CWLD_aq0_unweighted_density,1252,2439,0.09292531
CWLD_aq0_unweighted_density,1253,2440,0.1244629
CWLD_aq0_unweighted_density,1254,2452,0.056663275
CWLD_aq0_unweighted_density,1255,2453,0.056455456
CWLD_aq0_unweighted_density,1256,2454,0.053070925
CWLD_aq0_unweighted_density,1257,2455,0.0544367
CWLD_aq0_unweighted_density,1258,2456,0.065619744
CWLD_aq0_unweighted_density,1259,2457,0.072543874
CWLD_aq0_unweighted_density,1260,2458,0.0865661
CWLD_aq0_unweighted_density,1261,2459,0.10176469
CWLD_aq0_unweighted_density,1262,2471,0.052464243
CWLD_aq0_unweighted_density,1263,2472,0.052377008
CWLD_aq0_unweighted_density,1264,2473,0.050961304
CWLD_aq0_unweighted_density,1265,2474,0.054117016
CWLD_aq0_unweighted_density,1266,2475,0.055264805
CWLD_aq0_unweighted_density,1267,2476,0.06496017
CWLD_aq0_unweighted_density,1268,2477,0.06106922
CWLD_aq0_unweighted_density,1269,2487,0.05036595
CWLD_aq0_unweighted_density,1270,2488,0.04972623
CWLD_aq0_unweighted_density,1271,2489,0.054037772
CWLD_aq0_unweighted_density,1272,2490,0.061558582
CWLD_aq0_unweighted_density,1273,2491,0.053537805
CWLD_aq0_unweighted_density,1274,2492,0.05808923
CWLD_aq0_unweighted_density,1275,2493,0.09561908
CWLD_aq0_unweighted_density,1276,2494,0.102415524
CWLD_aq0_unweighted_density,1277,2495,0.118818335
CWLD_aq0_unweighted_density,1278,2509,0.055368114
CWLD_aq0_unweighted_density,1279,2510,0.05736631
CWLD_aq0_unweighted_density,1280,2511,0.056152973
CWLD_aq0_unweighted_density,1281,2512,0.062669046
CWLD_aq0_unweighted_density,1282,2513,0.06320471
CWLD_aq0_unweighted_density,1283,2514,0.06553852
CWLD_aq0_unweighted_density,1284,2520,0.05338531
CWLD_aq0_unweighted_density,1285,2521,0.054462783
CWLD_aq0_unweighted_density,1286,2522,0.049684048
CWLD_aq0_unweighted_density,1287,2523,0.05924622
CWLD_aq0_unweighted_density,1288,2524,0.06156906
CWLD_aq0_unweighted_density,1289,2525,0.071874514
CWLD_aq0_unweighted_density,1290,2526,0.07618319
CWLD_aq0_unweighted_density,1291,2527,0.11819148
CWLD_aq0_unweighted_density,1292,2537,0.04430481
CWLD_aq0_unweighted_density,1293,2538,0.051652487
CWLD_aq0_unweighted_density,1294,2539,0.057474263
CWLD_aq0_unweighted_density,1295,2540,0.08387965
CWLD_aq0_unweighted_density,1296,2541,0.07485665
CWLD_aq0_unweighted_density,1297,2542,0.09684942
CWLD_aq0_unweighted_density,1298,2543,0.09121856
CWLD_aq0_unweighted_density,1299,2544,0.12468939
CWLD_aq0_unweighted_density,1300,2556,0.05924472
CWLD_aq0_unweighted_density,1301,2557,0.07904216
CWLD_aq0_unweighted_density,1302,2558,0.07211739
CWLD_aq0_unweighted_density,1303,2559,0.0962977
CWLD_aq0_unweighted_density,1304,2560,0.10259533
CWLD_aq0_unweighted_density,1305,2561,0.15219238
CWLD_aq0_unweighted_density,1306,2562,0.13225095
CWLD_aq0_unweighted_density,1307,2563,0.12181186
CWLD_aq0_unweighted_density,1308,2564,0.09961002
CWLD_aq0_unweighted_density,1309,2565,0.0901407
CWLD_aq0_unweighted_density,1310,2566,0.1319445
CWLD_aq0_unweighted_density,1311,2580,0.05868565
CWLD_aq0_unweighted_density,1312,2581,0.06847899
CWLD_aq0_unweighted_density,1313,2582,0.06677963
CWLD_aq0_unweighted_density,1314,2583,0.0840634
CWLD_aq0_unweighted_density,1315,2584,0.08278372
CWLD_aq0_unweighted_density,1316,2585,0.12236455
CWLD_aq0_unweighted_density,1317,2586,0.16440204
CWLD_aq0_unweighted_density,1318,2587,0.18966678
CWLD_aq0_unweighted_density,1319,2588,0.23683216
CWLD_aq0_unweighted_density,1320,2602,0.066482626
CWLD_aq0_unweighted_density,1321,2603,0.07435672
CWLD_aq0_unweighted_density,1322,2604,0.07950526
CWLD_aq0_unweighted_density,1323,2605,0.09635872
CWLD_aq0_unweighted_density,1324,2606,0.105003625
CWLD_aq0_unweighted_density,1325,2607,0.111431375
CWLD_aq0_unweighted_density,1326,2608,0.10531814
CWLD_aq0_unweighted_density,1327,2609,0.10867543
CWLD_aq0_unweighted_density,1328,2610,0.129128
CWLD_aq0_unweighted_density,1329,2611,0.16069335
CWLD_aq0_unweighted_density,1330,2612,0.13908479
CWLD_aq0_unweighted_density,1331,2626,0.07959768
CWLD_aq0_unweighted_density,1332,2627,0.08731395
CWLD_aq0_unweighted_density,1333,2628,0.0847235
CWLD_aq0_unweighted_density,1334,2629,0.10118875
CWLD_aq0_unweighted_density,1335,2630,0.095659986
CWLD_aq0_unweighted_density,1336,2631,0.10186565
CWLD_aq0_unweighted_density,1337,2637,0.0855935
CWLD_aq0_unweighted_density,1338,2638,0.08395106
CWLD_aq0_unweighted_density,1339,2639,0.07139314
CWLD_aq0_unweighted_density,1340,2640,0.07182913
CWLD_aq0_unweighted_density,1341,2641,0.09943324
CWLD_aq0_unweighted_density,1342,2642,0.07652224
CWLD_aq0_unweighted_density,1343,2643,0.08332842
CWLD_aq0_unweighted_density,1344,2644,0.07524229
CWLD_aq0_unweighted_density,1345,2645,0.07810208
CWLD_aq0_unweighted_density,1346,2646,0.06394952
CWLD_aq0_unweighted_density,1347,2647,0.058633585
CWLD_aq0_unweighted_density,1348,2657,0.07261474
CWLD_aq0_unweighted_density,1349,2658,0.06893845
CWLD_aq0_unweighted_density,1350,2659,0.09044966
CWLD_aq0_unweighted_density,1351,2660,0.14109784
CWLD_aq0_unweighted_density,1352,2664,0.08454215
CWLD_aq0_unweighted_density,1353,2665,0.12273942
CWLD_aq0_unweighted_density,1354,2666,0.105575055
CWLD_aq0_unweighted_density,1355,2667,0.11203587
CWLD_aq0_unweighted_density,1356,2668,0.17109676
CWLD_aq0_unweighted_density,1357,2669,0.2468702
CWLD_aq0_unweighted_density,1358,2670,0.34295666
CWLD_aq0_unweighted_density,1359,2671,0.25455666
CWLD_aq0_unweighted_density,1360,2678,0.099423945
CWLD_aq0_unweighted_density,1361,2679,0.08824744
CWLD_aq0_unweighted_density,1362,2680,0.09716678
CWLD_aq0_unweighted_density,1363,2681,0.15049964
CWLD_aq0_unweighted_density,1364,2682,0.10851438
CWLD_aq0_unweighted_density,1365,2683,0.12703405
CWLD_aq0_unweighted_density,1366,2684,0.11846031
CWLD_aq0_unweighted_density,1367,2692,0.091622375
CWLD_aq0_unweighted_density,1368,2693,0.10003978
CWLD_aq0_unweighted_density,1369,2694,0.10290552
CWLD_aq0_unweighted_density,1370,2695,0.12044846
CWLD_aq0_unweighted_density,1371,2696,0.11835251
CWLD_aq0_unweighted_density,1372,2697,0.12962022
CWLD_aq0_unweighted_density,1373,2698,0.15033965
CWLD_aq0_unweighted_density,1374,2699,0.14737058
CWLD_aq0_unweighted_density,1375,2700,0.17132041
CWLD_aq0_unweighted_density,1376,2701,0.17025997
CWLD_aq0_unweighted_density,1377,2702,0.17579146
CWLD_aq0_unweighted_density,1378,2703,0.12201044
CWLD_aq0p5_charge_weighted_density,0,0,0.5864271
CWLD_aq0p5_charge_weighted_density,1,1,0.50658303
CWLD_aq0p5_charge_weighted_density,2,2,0.4595928
CWLD_aq0p5_charge_weighted_density,3,3,0.46514565
CWLD_aq0p5_charge_weighted_density,4,4,0.4889827
CWLD_aq0p5_charge_weighted_density,5,12,0.42701906
CWLD_aq0p5_charge_weighted_density,6,13,0.38689426
CWLD_aq0p5_charge_weighted_density,7,14,0.3299537
CWLD_aq0p5_charge_weighted_density,8,15,0.31555244
CWLD_aq0p5_charge_weighted_density,9,16,0.38472596
CWLD_aq0p5_charge_weighted_density,10,17,0.44515613
CWLD_aq0p5_charge_weighted_density,11,18,0.5101171
CWLD_aq0p5_charge_weighted_density,12,19,0.44912744
CWLD_aq0p5_charge_weighted_density,13,24,0.31248185
CWLD_aq0p5_charge_weighted_density,14,25,0.26523605
CWLD_aq0p5_charge_weighted_density,15,26,0.22445756
CWLD_aq0p5_charge_weighted_density,16,27,0.23776667
CWLD_aq0p5_charge_weighted_density,17,28,0.2720823
CWLD_aq0p5_charge_weighted_density,18,29,0.2470595
CWLD_aq0p5_charge_weighted_density,19,30,0.27846268
CWLD_aq0p5_charge_weighted_density,20,31,0.31253228
CWLD_aq0p5_charge_weighted_density,21,32,0.29371658
CWLD_aq0p5_charge_weighted_density,22,41,0.19665255
CWLD_aq0p5_charge_weighted_density,23,42,0.1759069
CWLD_aq0p5_charge_weighted_density,24,43,0.16688628
CWLD_aq0p5_charge_weighted_density,25,44,0.1697282
CWLD_aq0p5_charge_weighted_density,26,45,0.19423513
CWLD_aq0p5_charge_weighted_density,27,46,0.21286938
CWLD_aq0p5_charge_weighted_density,28,47,0.26644012
CWLD_aq0p5_charge_weighted_density,29,48,0.2078188
CWLD_aq0p5_charge_weighted_density,30,60,0.16768365
CWLD_aq0p5_charge_weighted_density,31,61,0.16718346
CWLD_aq0p5_charge_weighted_density,32,62,0.15060161
CWLD_aq0p5_charge_weighted_density,33,63,0.14603153
CWLD_aq0p5_charge_weighted_density,34,64,0.20145097
CWLD_aq0p5_charge_weighted_density,35,65,0.22672892
CWLD_aq0p5_charge_weighted_density,36,66,0.22040881
CWLD_aq0p5_charge_weighted_density,37,74,0.1511152
CWLD_aq0p5_charge_weighted_density,38,75,0.14293492
CWLD_aq0p5_charge_weighted_density,39,76,0.13239123
CWLD_aq0p5_charge_weighted_density,40,77,0.12073328
CWLD_aq0p5_charge_weighted_density,41,78,0.15859786
CWLD_aq0p5_charge_weighted_density,42,79,0.19542685
CWLD_aq0p5_charge_weighted_density,43,80,0.2145875
CWLD_aq0p5_charge_weighted_density,44,81,0.2533557
CWLD_aq0p5_charge_weighted_density,45,82,0.24587864
CWLD_aq0p5_charge_weighted_density,46,89,0.14042982
CWLD_aq0p5_charge_weighted_density,47,90,0.13882045
CWLD_aq0p5_charge_weighted_density,48,91,0.12270842
CWLD_aq0p5_charge_weighted_density,49,92,0.11841472
CWLD_aq0p5_charge_weighted_density,50,93,0.15657005
CWLD_aq0p5_charge_weighted_density,51,94,0.1672391
CWLD_aq0p5_charge_weighted_density,52,95,0.17239733
CWLD_aq0p5_charge_weighted_density,53,96,0.20314866
CWLD_aq0p5_charge_weighted_density,54,97,0.22118673
CWLD_aq0p5_charge_weighted_density,55,104,0.12204814
CWLD_aq0p5_charge_weighted_density,56,105,0.11429121
CWLD_aq0p5_charge_weighted_density,57,106,0.09916949
CWLD_aq0p5_charge_weighted_density,58,107,0.09657057
CWLD_aq0p5_charge_weighted_density,59,108,0.12923767
CWLD_aq0p5_charge_weighted_density,60,109,0.14427295
CWLD_aq0p5_charge_weighted_density,61,110,0.16653405
CWLD_aq0p5_charge_weighted_density,62,111,0.17713471
CWLD_aq0p5_charge_weighted_density,63,112,0.20754457
CWLD_aq0p5_charge_weighted_density,64,121,0.09560672
CWLD_aq0p5_charge_weighted_density,65,122,0.08519454
CWLD_aq0p5_charge_weighted_density,66,123,0.08053385
CWLD_aq0p5_charge_weighted_density,67,124,0.077639535
CWLD_aq0p5_charge_weighted_density,68,125,0.09270532
CWLD_aq0p5_charge_weighted_density,69,126,0.10607178
CWLD_aq0p5_charge_weighted_density,70,127,0.09376339
CWLD_aq0p5_charge_weighted_density,71,128,0.124372646
CWLD_aq0p5_charge_weighted_density,72,140,0.09153352
CWLD_aq0p5_charge_weighted_density,73,141,0.09530186
CWLD_aq0p5_charge_weighted_density,74,142,0.09047829
CWLD_aq0p5_charge_weighted_density,75,143,0.09019686
CWLD_aq0p5_charge_weighted_density,76,144,0.113261946
CWLD_aq0p5_charge_weighted_density,77,150,0.09279837
CWLD_aq0p5_charge_weighted_density,78,151,0.092680916
CWLD_aq0p5_charge_weighted_density,79,152,0.07965305
CWLD_aq0p5_charge_weighted_density,80,153,0.078863405
CWLD_aq0p5_charge_weighted_density,81,154,0.10474307
CWLD_aq0p5_charge_weighted_density,82,155,0.10713477
CWLD_aq0p5_charge_weighted_density,83,156,0.10211571
CWLD_aq0p5_charge_weighted_density,84,157,0.17883311
CWLD_aq0p5_charge_weighted_density,85,158,0.08389855
CWLD_aq0p5_charge_weighted_density,86,165,0.075083755
CWLD_aq0p5_charge_weighted_density,87,166,0.06738146
CWLD_aq0p5_charge_weighted_density,88,167,0.063341
CWLD_aq0p5_charge_weighted_density,89,168,0.06080455
CWLD_aq0p5_charge_weighted_density,90,169,0.06606562
CWLD_aq0p5_charge_weighted_density,91,170,0.07317666
CWLD_aq0p5_charge_weighted_density,92,171,0.121177256
CWLD_aq0p5_charge_weighted_density,93,172,0.12636057
CWLD_aq0p5_charge_weighted_density,94,173,0.13358594
CWLD_aq0p5_charge_weighted_density,95,174,0.12806165
CWLD_aq0p5_charge_weighted_density,96,175,0.09590648
CWLD_aq0p5_charge_weighted_density,97,185,0.067051776
CWLD_aq0p5_charge_weighted_density,98,186,0.06778794
CWLD_aq0p5_charge_weighted_density,99,187,0.068107
CWLD_aq0p5_charge_weighted_density,100,188,0.06893831
CWLD_aq0p5_charge_weighted_density,101,189,0.076750875
CWLD_aq0p5_charge_weighted_density,102,190,0.087739065
CWLD_aq0p5_charge_weighted_density,103,191,0.12319212
CWLD_aq0p5_charge_weighted_density,104,192,0.1331553
CWLD_aq0p5_charge_weighted_density,105,193,0.15726908
CWLD_aq0p5_charge_weighted_density,106,207,0.073797464
CWLD_aq0p5_charge_weighted_density,107,208,0.07756004
CWLD_aq0p5_charge_weighted_density,108,209,0.07537303
CWLD_aq0p5_charge_weighted_density,109,210,0.07898462
CWLD_aq0p5_charge_weighted_density,110,211,0.0859488
CWLD_aq0p5_charge_weighted_density,111,212,0.13100605
CWLD_aq0p5_charge_weighted_density,112,213,0.11444646
CWLD_aq0p5_charge_weighted_density,113,214,0.16063513
CWLD_aq0p5_charge_weighted_density,114,215,0.1448147
CWLD_aq0p5_charge_weighted_density,115,222,0.07218438
CWLD_aq0p5_charge_weighted_density,116,223,0.071216516
CWLD_aq0p5_charge_weighted_density,117,224,0.06948349
CWLD_aq0p5_charge_weighted_density,118,225,0.07599483
CWLD_aq0p5_charge_weighted_density,119,226,0.07448171
CWLD_aq0p5_charge_weighted_density,120,232,0.064494796
CWLD_aq0p5_charge_weighted_density,121,233,0.06260008
CWLD_aq0p5_charge_weighted_density,122,234,0.06748217
CWLD_aq0p5_charge_weighted_density,123,235,0.07349302
CWLD_aq0p5_charge_weighted_density,124,236,0.060247436
CWLD_aq0p5_charge_weighted_density,125,237,0.05775255
CWLD_aq0p5_charge_weighted_density,126,238,0.051183574
CWLD_aq0p5_charge_weighted_density,127,239,0.07753774
CWLD_aq0p5_charge_weighted_density,128,240,0.05674766
CWLD_aq0p5_charge_weighted_density,129,241,0.0827234
CWLD_aq0p5_charge_weighted_density,130,242,0.068847395
CWLD_aq0p5_charge_weighted_density,131,252,0.0705728
CWLD_aq0p5_charge_weighted_density,132,253,0.075054355
CWLD_aq0p5_charge_weighted_density,133,254,0.0807017
CWLD_aq0p5_charge_weighted_density,134,255,0.09262033
CWLD_aq0p5_charge_weighted_density,135,256,0.08244124
CWLD_aq0p5_charge_weighted_density,136,257,0.14112821
CWLD_aq0p5_charge_weighted_density,137,263,0.08025495
CWLD_aq0p5_charge_weighted_density,138,264,0.08505024
CWLD_aq0p5_charge_weighted_density,139,265,0.0772753
CWLD_aq0p5_charge_weighted_density,140,266,0.08492246
CWLD_aq0p5_charge_weighted_density,141,267,0.098167405
CWLD_aq0p5_charge_weighted_density,142,268,0.109830685
CWLD_aq0p5_charge_weighted_density,143,269,0.17382385
CWLD_aq0p5_charge_weighted_density,144,270,0.15743974
CWLD_aq0p5_charge_weighted_density,145,282,0.06984175
CWLD_aq0p5_charge_weighted_density,146,283,0.065759584
CWLD_aq0p5_charge_weighted_density,147,284,0.063459225
CWLD_aq0p5_charge_weighted_density,148,285,0.068985224
CWLD_aq0p5_charge_weighted_density,149,286,0.06724345
CWLD_aq0p5_charge_weighted_density,150,287,0.07500986
CWLD_aq0p5_charge_weighted_density,151,288,0.11490723
CWLD_aq0p5_charge_weighted_density,152,289,0.07032042
CWLD_aq0p5_charge_weighted_density,153,290,0.122891285
CWLD_aq0p5_charge_weighted_density,154,291,0.08091898
CWLD_aq0p5_charge_weighted_density,155,292,0.09420407
CWLD_aq0p5_charge_weighted_density,156,302,0.06889933
CWLD_aq0p5_charge_weighted_density,157,303,0.07312347
CWLD_aq0p5_charge_weighted_density,158,304,0.08431909
CWLD_aq0p5_charge_weighted_density,159,305,0.10061606
CWLD_aq0p5_charge_weighted_density,160,306,0.077058546
CWLD_aq0p5_charge_weighted_density,161,307,0.08783203
CWLD_aq0p5_charge_weighted_density,162,308,0.09935255
CWLD_aq0p5_charge_weighted_density,163,309,0.092754215
CWLD_aq0p5_charge_weighted_density,164,314,0.08301607
CWLD_aq0p5_charge_weighted_density,165,315,0.09858556
CWLD_aq0p5_charge_weighted_density,166,316,0.109903045
CWLD_aq0p5_charge_weighted_density,167,317,0.1263278
CWLD_aq0p5_charge_weighted_density,168,318,0.10121831
CWLD_aq0p5_charge_weighted_density,169,319,0.124620706
CWLD_aq0p5_charge_weighted_density,170,320,0.18938953
CWLD_aq0p5_charge_weighted_density,171,321,0.20844245
CWLD_aq0p5_charge_weighted_density,172,322,0.23761263
CWLD_aq0p5_charge_weighted_density,173,336,0.106151715
CWLD_aq0p5_charge_weighted_density,174,337,0.12044375
CWLD_aq0p5_charge_weighted_density,175,338,0.12426022
CWLD_aq0p5_charge_weighted_density,176,339,0.1433433
CWLD_aq0p5_charge_weighted_density,177,340,0.12612984
CWLD_aq0p5_charge_weighted_density,178,341,0.12359971
CWLD_aq0p5_charge_weighted_density,179,342,0.15433532
CWLD_aq0p5_charge_weighted_density,180,343,0.112376
CWLD_aq0p5_charge_weighted_density,181,348,0.111650966
CWLD_aq0p5_charge_weighted_density,182,349,0.116905466
CWLD_aq0p5_charge_weighted_density,183,350,0.1152542
CWLD_aq0p5_charge_weighted_density,184,351,0.12767443
CWLD_aq0p5_charge_weighted_density,185,355,0.10817401
CWLD_aq0p5_charge_weighted_density,186,356,0.10902545
CWLD_aq0p5_charge_weighted_density,187,357,0.10270501
CWLD_aq0p5_charge_weighted_density,188,358,0.11182509
CWLD_aq0p5_charge_weighted_density,189,359,0.110220335
CWLD_aq0p5_charge_weighted_density,190,360,0.10171958
CWLD_aq0p5_charge_weighted_density,191,361,0.094797686
CWLD_aq0p5_charge_weighted_density,192,362,0.123369336
CWLD_aq0p5_charge_weighted_density,193,367,0.09426752
CWLD_aq0p5_charge_weighted_density,194,368,0.09205227
CWLD_aq0p5_charge_weighted_density,195,369,0.083122216
CWLD_aq0p5_charge_weighted_density,196,370,0.087772325
CWLD_aq0p5_charge_weighted_density,197,374,0.07659529
CWLD_aq0p5_charge_weighted_density,198,375,0.072655186
CWLD_aq0p5_charge_weighted_density,199,376,0.06887529
CWLD_aq0p5_charge_weighted_density,200,377,0.079660825
CWLD_aq0p5_charge_weighted_density,201,378,0.078320146
CWLD_aq0p5_charge_weighted_density,202,379,0.085088
CWLD_aq0p5_charge_weighted_density,203,380,0.09012695
CWLD_aq0p5_charge_weighted_density,204,388,0.065043196
CWLD_aq0p5_charge_weighted_density,205,389,0.059530865
CWLD_aq0p5_charge_weighted_density,206,390,0.060173277
CWLD_aq0p5_charge_weighted_density,207,391,0.06621634
CWLD_aq0p5_charge_weighted_density,208,392,0.053118598
CWLD_aq0p5_charge_weighted_density,209,393,0.06724158
CWLD_aq0p5_charge_weighted_density,210,394,0.055264592
CWLD_aq0p5_charge_weighted_density,211,395,0.0721509
CWLD_aq0p5_charge_weighted_density,212,407,0.06518034
CWLD_aq0p5_charge_weighted_density,213,408,0.06325233
CWLD_aq0p5_charge_weighted_density,214,409,0.060776766
CWLD_aq0p5_charge_weighted_density,215,410,0.06402097
CWLD_aq0p5_charge_weighted_density,216,411,0.07341004
CWLD_aq0p5_charge_weighted_density,217,412,0.09401895
CWLD_aq0p5_charge_weighted_density,218,413,0.08350348
CWLD_aq0p5_charge_weighted_density,219,421,0.063918754
CWLD_aq0p5_charge_weighted_density,220,422,0.06472675
CWLD_aq0p5_charge_weighted_density,221,423,0.06292758
CWLD_aq0p5_charge_weighted_density,222,424,0.06512482
CWLD_aq0p5_charge_weighted_density,223,425,0.07140269
CWLD_aq0p5_charge_weighted_density,224,426,0.122483544
CWLD_aq0p5_charge_weighted_density,225,427,0.13317616
CWLD_aq0p5_charge_weighted_density,226,435,0.066020064
CWLD_aq0p5_charge_weighted_density,227,436,0.06894853
CWLD_aq0p5_charge_weighted_density,228,437,0.0633078
CWLD_aq0p5_charge_weighted_density,229,438,0.06630412
CWLD_aq0p5_charge_weighted_density,230,439,0.08048133
CWLD_aq0p5_charge_weighted_density,231,440,0.09136765
CWLD_aq0p5_charge_weighted_density,232,441,0.13452943
CWLD_aq0p5_charge_weighted_density,233,442,0.15779987
CWLD_aq0p5_charge_weighted_density,234,443,0.22195193
CWLD_aq0p5_charge_weighted_density,235,457,0.061213933
CWLD_aq0p5_charge_weighted_density,236,458,0.061264027
CWLD_aq0p5_charge_weighted_density,237,459,0.058131196
CWLD_aq0p5_charge_weighted_density,238,460,0.06274549
CWLD_aq0p5_charge_weighted_density,239,461,0.061068743
CWLD_aq0p5_charge_weighted_density,240,462,0.06667993
CWLD_aq0p5_charge_weighted_density,241,463,0.06893813
CWLD_aq0p5_charge_weighted_density,242,464,0.09985932
CWLD_aq0p5_charge_weighted_density,243,465,0.084434636
CWLD_aq0p5_charge_weighted_density,244,472,0.055622894
CWLD_aq0p5_charge_weighted_density,245,473,0.055016614
CWLD_aq0p5_charge_weighted_density,246,474,0.054384302
CWLD_aq0p5_charge_weighted_density,247,475,0.060136728
CWLD_aq0p5_charge_weighted_density,248,476,0.05783022
CWLD_aq0p5_charge_weighted_density,249,477,0.06708123
CWLD_aq0p5_charge_weighted_density,250,478,0.078398004
CWLD_aq0p5_charge_weighted_density,251,479,0.075011976
CWLD_aq0p5_charge_weighted_density,252,491,0.05259427
CWLD_aq0p5_charge_weighted_density,253,492,0.056273732
CWLD_aq0p5_charge_weighted_density,254,493,0.057392843
CWLD_aq0p5_charge_weighted_density,255,494,0.061003048
CWLD_aq0p5_charge_weighted_density,256,498,0.061343286
CWLD_aq0p5_charge_weighted_density,257,499,0.06755171
CWLD_aq0p5_charge_weighted_density,258,500,0.066665456
CWLD_aq0p5_charge_weighted_density,259,501,0.07566136
CWLD_aq0p5_charge_weighted_density,260,502,0.07371101
CWLD_aq0p5_charge_weighted_density,261,503,0.08535429
CWLD_aq0p5_charge_weighted_density,262,504,0.082475655
CWLD_aq0p5_charge_weighted_density,263,512,0.06477777
CWLD_aq0p5_charge_weighted_density,264,513,0.0684548
CWLD_aq0p5_charge_weighted_density,265,514,0.062583365
CWLD_aq0p5_charge_weighted_density,266,515,0.07201368
CWLD_aq0p5_charge_weighted_density,267,516,0.07422956
CWLD_aq0p5_charge_weighted_density,268,517,0.0914814
CWLD_aq0p5_charge_weighted_density,269,518,0.08760165
CWLD_aq0p5_charge_weighted_density,270,528,0.05400552
CWLD_aq0p5_charge_weighted_density,271,529,0.056347344
CWLD_aq0p5_charge_weighted_density,272,530,0.059606787
CWLD_aq0p5_charge_weighted_density,273,531,0.06843239
CWLD_aq0p5_charge_weighted_density,274,532,0.058722105
CWLD_aq0p5_charge_weighted_density,275,533,0.063825816
CWLD_aq0p5_charge_weighted_density,276,534,0.12165464
CWLD_aq0p5_charge_weighted_density,277,535,0.07584884
CWLD_aq0p5_charge_weighted_density,278,545,0.06002546
CWLD_aq0p5_charge_weighted_density,279,546,0.068375856
CWLD_aq0p5_charge_weighted_density,280,547,0.07769242
CWLD_aq0p5_charge_weighted_density,281,548,0.08751757
CWLD_aq0p5_charge_weighted_density,282,549,0.07372185
CWLD_aq0p5_charge_weighted_density,283,550,0.07722182
CWLD_aq0p5_charge_weighted_density,284,551,0.08850725
CWLD_aq0p5_charge_weighted_density,285,552,0.1278875
CWLD_aq0p5_charge_weighted_density,286,553,0.17924407
CWLD_aq0p5_charge_weighted_density,287,554,0.21230957
CWLD_aq0p5_charge_weighted_density,288,555,0.2570397
CWLD_aq0p5_charge_weighted_density,289,569,0.08142186
CWLD_aq0p5_charge_weighted_density,290,570,0.098167196
CWLD_aq0p5_charge_weighted_density,291,571,0.105051704
CWLD_aq0p5_charge_weighted_density,292,572,0.12471281
CWLD_aq0p5_charge_weighted_density,293,573,0.10437466
CWLD_aq0p5_charge_weighted_density,294,574,0.107999265
CWLD_aq0p5_charge_weighted_density,295,580,0.09491509
CWLD_aq0p5_charge_weighted_density,296,581,0.10306461
CWLD_aq0p5_charge_weighted_density,297,582,0.10665227
CWLD_aq0p5_charge_weighted_density,298,583,0.113896854
CWLD_aq0p5_charge_weighted_density,299,584,0.104130074
CWLD_aq0p5_charge_weighted_density,300,585,0.10686104
CWLD_aq0p5_charge_weighted_density,301,586,0.1184011
CWLD_aq0p5_charge_weighted_density,302,587,0.11680197
CWLD_aq0p5_charge_weighted_density,303,599,0.10641832
CWLD_aq0p5_charge_weighted_density,304,600,0.11030446
CWLD_aq0p5_charge_weighted_density,305,601,0.09943777
CWLD_aq0p5_charge_weighted_density,306,602,0.12589322
CWLD_aq0p5_charge_weighted_density,307,606,0.110742256
CWLD_aq0p5_charge_weighted_density,308,607,0.12769666
CWLD_aq0p5_charge_weighted_density,309,608,0.12670152
CWLD_aq0p5_charge_weighted_density,310,609,0.17723
CWLD_aq0p5_charge_weighted_density,311,610,0.16922198
CWLD_aq0p5_charge_weighted_density,312,611,0.16925746
CWLD_aq0p5_charge_weighted_density,313,612,0.19887601
CWLD_aq0p5_charge_weighted_density,314,613,0.26457885
CWLD_aq0p5_charge_weighted_density,315,614,0.20277834
CWLD_aq0p5_charge_weighted_density,316,623,0.110363714
CWLD_aq0p5_charge_weighted_density,317,624,0.10918555
CWLD_aq0p5_charge_weighted_density,318,625,0.09351663
CWLD_aq0p5_charge_weighted_density,319,626,0.10863295
CWLD_aq0p5_charge_weighted_density,320,627,0.13302495
CWLD_aq0p5_charge_weighted_density,321,628,0.13894491
CWLD_aq0p5_charge_weighted_density,322,629,0.1599725
CWLD_aq0p5_charge_weighted_density,323,630,0.17082268
CWLD_aq0p5_charge_weighted_density,324,637,0.08297322
CWLD_aq0p5_charge_weighted_density,325,638,0.086165786
CWLD_aq0p5_charge_weighted_density,326,639,0.086471595
CWLD_aq0p5_charge_weighted_density,327,640,0.10423453
CWLD_aq0p5_charge_weighted_density,328,641,0.110397525
CWLD_aq0p5_charge_weighted_density,329,642,0.115090884
CWLD_aq0p5_charge_weighted_density,330,643,0.09756939
CWLD_aq0p5_charge_weighted_density,331,651,0.0841103
CWLD_aq0p5_charge_weighted_density,332,652,0.08578208
CWLD_aq0p5_charge_weighted_density,333,653,0.08260764
CWLD_aq0p5_charge_weighted_density,334,654,0.08466587
CWLD_aq0p5_charge_weighted_density,335,655,0.09092264
CWLD_aq0p5_charge_weighted_density,336,656,0.09829592
CWLD_aq0p5_charge_weighted_density,337,657,0.09936807
CWLD_aq0p5_charge_weighted_density,338,665,0.08331701
CWLD_aq0p5_charge_weighted_density,339,666,0.08568285
CWLD_aq0p5_charge_weighted_density,340,667,0.076681614
CWLD_aq0p5_charge_weighted_density,341,668,0.07510553
CWLD_aq0p5_charge_weighted_density,342,669,0.10416771
CWLD_aq0p5_charge_weighted_density,343,670,0.15121916
CWLD_aq0p5_charge_weighted_density,344,671,0.20892446
CWLD_aq0p5_charge_weighted_density,345,672,0.2600183
CWLD_aq0p5_charge_weighted_density,346,673,0.26272106
CWLD_aq0p5_charge_weighted_density,347,680,0.07577515
CWLD_aq0p5_charge_weighted_density,348,681,0.07719709
CWLD_aq0p5_charge_weighted_density,349,682,0.075639986
CWLD_aq0p5_charge_weighted_density,350,683,0.0849324
CWLD_aq0p5_charge_weighted_density,351,684,0.09232977
CWLD_aq0p5_charge_weighted_density,352,690,0.07441116
CWLD_aq0p5_charge_weighted_density,353,691,0.08217893
CWLD_aq0p5_charge_weighted_density,354,692,0.08092265
CWLD_aq0p5_charge_weighted_density,355,693,0.08908661
CWLD_aq0p5_charge_weighted_density,356,694,0.093710095
CWLD_aq0p5_charge_weighted_density,357,695,0.10300736
CWLD_aq0p5_charge_weighted_density,358,696,0.119712144
CWLD_aq0p5_charge_weighted_density,359,697,0.15353478
CWLD_aq0p5_charge_weighted_density,360,698,0.17154768
CWLD_aq0p5_charge_weighted_density,361,705,0.07700215
CWLD_aq0p5_charge_weighted_density,362,706,0.08030497
CWLD_aq0p5_charge_weighted_density,363,707,0.07491015
CWLD_aq0p5_charge_weighted_density,364,708,0.0773423
CWLD_aq0p5_charge_weighted_density,365,709,0.08851267
CWLD_aq0p5_charge_weighted_density,366,710,0.10294736
CWLD_aq0p5_charge_weighted_density,367,711,0.19235234
CWLD_aq0p5_charge_weighted_density,368,712,0.09883738
CWLD_aq0p5_charge_weighted_density,369,724,0.073944956
CWLD_aq0p5_charge_weighted_density,370,725,0.0755004
CWLD_aq0p5_charge_weighted_density,371,726,0.0749202
CWLD_aq0p5_charge_weighted_density,372,727,0.076593384
CWLD_aq0p5_charge_weighted_density,373,728,0.08311403
CWLD_aq0p5_charge_weighted_density,374,729,0.114948325
CWLD_aq0p5_charge_weighted_density,375,730,0.14305091
CWLD_aq0p5_charge_weighted_density,376,731,0.22445208
CWLD_aq0p5_charge_weighted_density,377,732,0.1611467
CWLD_aq0p5_charge_weighted_density,378,741,0.07825713
CWLD_aq0p5_charge_weighted_density,379,742,0.080778055
CWLD_aq0p5_charge_weighted_density,380,743,0.07676193
CWLD_aq0p5_charge_weighted_density,381,744,0.08176745
CWLD_aq0p5_charge_weighted_density,382,745,0.09142399
CWLD_aq0p5_charge_weighted_density,383,746,0.1525208
CWLD_aq0p5_charge_weighted_density,384,747,0.18882728
CWLD_aq0p5_charge_weighted_density,385,748,0.19077596
CWLD_aq0p5_charge_weighted_density,386,753,0.07428852
CWLD_aq0p5_charge_weighted_density,387,754,0.07179397
CWLD_aq0p5_charge_weighted_density,388,755,0.06285978
CWLD_aq0p5_charge_weighted_density,389,756,0.061840314
CWLD_aq0p5_charge_weighted_density,390,757,0.076003306
CWLD_aq0p5_charge_weighted_density,391,758,0.10484929
CWLD_aq0p5_charge_weighted_density,392,759,0.09000559
CWLD_aq0p5_charge_weighted_density,393,760,0.07936986
CWLD_aq0p5_charge_weighted_density,394,770,0.06499364
CWLD_aq0p5_charge_weighted_density,395,771,0.065256774
CWLD_aq0p5_charge_weighted_density,396,772,0.06774435
CWLD_aq0p5_charge_weighted_density,397,773,0.071769916
CWLD_aq0p5_charge_weighted_density,398,774,0.07233285
CWLD_aq0p5_charge_weighted_density,399,775,0.0870283
CWLD_aq0p5_charge_weighted_density,400,776,0.07912268
CWLD_aq0p5_charge_weighted_density,401,777,0.102874786
CWLD_aq0p5_charge_weighted_density,402,789,0.06930553
CWLD_aq0p5_charge_weighted_density,403,790,0.07446241
CWLD_aq0p5_charge_weighted_density,404,791,0.07289937
CWLD_aq0p5_charge_weighted_density,405,792,0.0795216
CWLD_aq0p5_charge_weighted_density,406,793,0.08417753
CWLD_aq0p5_charge_weighted_density,407,794,0.087423
CWLD_aq0p5_charge_weighted_density,408,795,0.13743266
CWLD_aq0p5_charge_weighted_density,409,796,0.11219366
CWLD_aq0p5_charge_weighted_density,410,803,0.07088155
CWLD_aq0p5_charge_weighted_density,411,804,0.074796356
CWLD_aq0p5_charge_weighted_density,412,805,0.074972585
CWLD_aq0p5_charge_weighted_density,413,806,0.08023956
CWLD_aq0p5_charge_weighted_density,414,807,0.082208075
CWLD_aq0p5_charge_weighted_density,415,808,0.13823561
CWLD_aq0p5_charge_weighted_density,416,809,0.14920814
CWLD_aq0p5_charge_weighted_density,417,810,0.17569631
CWLD_aq0p5_charge_weighted_density,418,811,0.15825264
CWLD_aq0p5_charge_weighted_density,419,818,0.0836174
CWLD_aq0p5_charge_weighted_density,420,819,0.08411766
CWLD_aq0p5_charge_weighted_density,421,820,0.08290142
CWLD_aq0p5_charge_weighted_density,422,821,0.088245824
CWLD_aq0p5_charge_weighted_density,423,822,0.08281263
CWLD_aq0p5_charge_weighted_density,424,823,0.07956301
CWLD_aq0p5_charge_weighted_density,425,824,0.09235017
CWLD_aq0p5_charge_weighted_density,426,834,0.082435824
CWLD_aq0p5_charge_weighted_density,427,835,0.085427485
CWLD_aq0p5_charge_weighted_density,428,836,0.09246847
CWLD_aq0p5_charge_weighted_density,429,837,0.085761495
CWLD_aq0p5_charge_weighted_density,430,838,0.08814611
CWLD_aq0p5_charge_weighted_density,431,839,0.10637509
CWLD_aq0p5_charge_weighted_density,432,840,0.110293366
CWLD_aq0p5_charge_weighted_density,433,841,0.12897706
CWLD_aq0p5_charge_weighted_density,434,846,0.12500311
CWLD_aq0p5_charge_weighted_density,435,847,0.13902666
CWLD_aq0p5_charge_weighted_density,436,848,0.14645469
CWLD_aq0p5_charge_weighted_density,437,849,0.16201071
CWLD_aq0p5_charge_weighted_density,438,850,0.14817813
CWLD_aq0p5_charge_weighted_density,439,856,0.14345182
CWLD_aq0p5_charge_weighted_density,440,857,0.15072608
CWLD_aq0p5_charge_weighted_density,441,858,0.14859658
CWLD_aq0p5_charge_weighted_density,442,859,0.16427761
CWLD_aq0p5_charge_weighted_density,443,860,0.15442945
CWLD_aq0p5_charge_weighted_density,444,861,0.15895694
CWLD_aq0p5_charge_weighted_density,445,862,0.18185231
CWLD_aq0p5_charge_weighted_density,446,863,0.14748687
CWLD_aq0p5_charge_weighted_density,447,868,0.13529477
CWLD_aq0p5_charge_weighted_density,448,869,0.137689
CWLD_aq0p5_charge_weighted_density,449,870,0.1334231
CWLD_aq0p5_charge_weighted_density,450,871,0.14656042
CWLD_aq0p5_charge_weighted_density,451,875,0.124628745
CWLD_aq0p5_charge_weighted_density,452,876,0.12647071
CWLD_aq0p5_charge_weighted_density,453,877,0.11451329
CWLD_aq0p5_charge_weighted_density,454,878,0.13295048
CWLD_aq0p5_charge_weighted_density,455,879,0.13264424
CWLD_aq0p5_charge_weighted_density,456,880,0.12743753
CWLD_aq0p5_charge_weighted_density,457,881,0.15291344
CWLD_aq0p5_charge_weighted_density,458,882,0.12485182
CWLD_aq0p5_charge_weighted_density,459,889,0.09761448
CWLD_aq0p5_charge_weighted_density,460,890,0.089856505
CWLD_aq0p5_charge_weighted_density,461,891,0.07918006
CWLD_aq0p5_charge_weighted_density,462,892,0.079172574
CWLD_aq0p5_charge_weighted_density,463,896,0.07952175
CWLD_aq0p5_charge_weighted_density,464,897,0.07495684
CWLD_aq0p5_charge_weighted_density,465,898,0.07097333
CWLD_aq0p5_charge_weighted_density,466,899,0.073854506
CWLD_aq0p5_charge_weighted_density,467,900,0.08303177
CWLD_aq0p5_charge_weighted_density,468,901,0.09733422
CWLD_aq0p5_charge_weighted_density,469,902,0.09223703
CWLD_aq0p5_charge_weighted_density,470,910,0.06810984
CWLD_aq0p5_charge_weighted_density,471,911,0.062983885
CWLD_aq0p5_charge_weighted_density,472,912,0.062291738
CWLD_aq0p5_charge_weighted_density,473,913,0.060807716
CWLD_aq0p5_charge_weighted_density,474,914,0.059953056
CWLD_aq0p5_charge_weighted_density,475,915,0.06490942
CWLD_aq0p5_charge_weighted_density,476,916,0.061850015
CWLD_aq0p5_charge_weighted_density,477,917,0.0729397
CWLD_aq0p5_charge_weighted_density,478,929,0.07498756
CWLD_aq0p5_charge_weighted_density,479,930,0.06918079
CWLD_aq0p5_charge_weighted_density,480,931,0.063646115
CWLD_aq0p5_charge_weighted_density,481,932,0.06843277
CWLD_aq0p5_charge_weighted_density,482,933,0.07055987
CWLD_aq0p5_charge_weighted_density,483,934,0.07753246
CWLD_aq0p5_charge_weighted_density,484,935,0.08816631
CWLD_aq0p5_charge_weighted_density,485,936,0.088768356
CWLD_aq0p5_charge_weighted_density,486,941,0.060788095
CWLD_aq0p5_charge_weighted_density,487,942,0.058776204
CWLD_aq0p5_charge_weighted_density,488,943,0.05960256
CWLD_aq0p5_charge_weighted_density,489,944,0.06560396
CWLD_aq0p5_charge_weighted_density,490,945,0.06226943
CWLD_aq0p5_charge_weighted_density,491,946,0.06957501
CWLD_aq0p5_charge_weighted_density,492,947,0.07680407
CWLD_aq0p5_charge_weighted_density,493,948,0.08105713
CWLD_aq0p5_charge_weighted_density,494,949,0.09022184
CWLD_aq0p5_charge_weighted_density,495,950,0.092518546
CWLD_aq0p5_charge_weighted_density,496,951,0.095154464
CWLD_aq0p5_charge_weighted_density,497,961,0.061450236
CWLD_aq0p5_charge_weighted_density,498,962,0.06864269
CWLD_aq0p5_charge_weighted_density,499,963,0.07182327
CWLD_aq0p5_charge_weighted_density,500,964,0.079159945
CWLD_aq0p5_charge_weighted_density,501,965,0.07593378
CWLD_aq0p5_charge_weighted_density,502,966,0.08416188
CWLD_aq0p5_charge_weighted_density,503,967,0.06355047
CWLD_aq0p5_charge_weighted_density,504,975,0.07093424
CWLD_aq0p5_charge_weighted_density,505,976,0.07002749
CWLD_aq0p5_charge_weighted_density,506,977,0.06833759
CWLD_aq0p5_charge_weighted_density,507,978,0.07106371
CWLD_aq0p5_charge_weighted_density,508,979,0.07236844
CWLD_aq0p5_charge_weighted_density,509,980,0.110738896
CWLD_aq0p5_charge_weighted_density,510,981,0.10162561
CWLD_aq0p5_charge_weighted_density,511,982,0.08595224
CWLD_aq0p5_charge_weighted_density,512,983,0.11666404
CWLD_aq0p5_charge_weighted_density,513,990,0.06933038
CWLD_aq0p5_charge_weighted_density,514,991,0.072788686
CWLD_aq0p5_charge_weighted_density,515,992,0.071468666
CWLD_aq0p5_charge_weighted_density,516,993,0.071998246
CWLD_aq0p5_charge_weighted_density,517,994,0.08115148
CWLD_aq0p5_charge_weighted_density,518,995,0.060912047
CWLD_aq0p5_charge_weighted_density,519,996,0.061312348
CWLD_aq0p5_charge_weighted_density,520,997,0.07967081
CWLD_aq0p5_charge_weighted_density,521,998,0.069543496
CWLD_aq0p5_charge_weighted_density,522,999,0.0874185
CWLD_aq0p5_charge_weighted_density,523,1000,0.078440756
CWLD_aq0p5_charge_weighted_density,524,1010,0.07372186
CWLD_aq0p5_charge_weighted_density,525,1011,0.077731915
CWLD_aq0p5_charge_weighted_density,526,1012,0.07751278
CWLD_aq0p5_charge_weighted_density,527,1013,0.08445662
CWLD_aq0p5_charge_weighted_density,528,1014,0.08059031
CWLD_aq0p5_charge_weighted_density,529,1015,0.097858824
CWLD_aq0p5_charge_weighted_density,530,1016,0.17734864
CWLD_aq0p5_charge_weighted_density,531,1017,0.08280468
CWLD_aq0p5_charge_weighted_density,532,1029,0.07613581
CWLD_aq0p5_charge_weighted_density,533,1030,0.08184821
CWLD_aq0p5_charge_weighted_density,534,1031,0.082410984
CWLD_aq0p5_charge_weighted_density,535,1032,0.08851857
CWLD_aq0p5_charge_weighted_density,536,1033,0.08633816
CWLD_aq0p5_charge_weighted_density,537,1034,0.09803829
CWLD_aq0p5_charge_weighted_density,538,1035,0.09144501
CWLD_aq0p5_charge_weighted_density,539,1043,0.0828487
CWLD_aq0p5_charge_weighted_density,540,1044,0.08655511
CWLD_aq0p5_charge_weighted_density,541,1045,0.08588403
CWLD_aq0p5_charge_weighted_density,542,1046,0.08798981
CWLD_aq0p5_charge_weighted_density,543,1047,0.100243516
CWLD_aq0p5_charge_weighted_density,544,1048,0.10773947
CWLD_aq0p5_charge_weighted_density,545,1049,0.1267251
CWLD_aq0p5_charge_weighted_density,546,1050,0.12803517
CWLD_aq0p5_charge_weighted_density,547,1060,0.091478325
CWLD_aq0p5_charge_weighted_density,548,1061,0.097151816
CWLD_aq0p5_charge_weighted_density,549,1062,0.107973166
CWLD_aq0p5_charge_weighted_density,550,1063,0.12492687
CWLD_aq0p5_charge_weighted_density,551,1064,0.10977669
CWLD_aq0p5_charge_weighted_density,552,1065,0.11396363
CWLD_aq0p5_charge_weighted_density,553,1066,0.12292388
CWLD_aq0p5_charge_weighted_density,554,1067,0.24587883
CWLD_aq0p5_charge_weighted_density,555,1077,0.11937508
CWLD_aq0p5_charge_weighted_density,556,1078,0.14080822
CWLD_aq0p5_charge_weighted_density,557,1079,0.13199924
CWLD_aq0p5_charge_weighted_density,558,1080,0.15693204
CWLD_aq0p5_charge_weighted_density,559,1081,0.1695699
CWLD_aq0p5_charge_weighted_density,560,1087,0.1111516
CWLD_aq0p5_charge_weighted_density,561,1088,0.103131935
CWLD_aq0p5_charge_weighted_density,562,1089,0.09293775
CWLD_aq0p5_charge_weighted_density,563,1090,0.10901303
CWLD_aq0p5_charge_weighted_density,564,1091,0.10639718
CWLD_aq0p5_charge_weighted_density,565,1092,0.12249612
CWLD_aq0p5_charge_weighted_density,566,1093,0.14022623
CWLD_aq0p5_charge_weighted_density,567,1094,0.117731996
CWLD_aq0p5_charge_weighted_density,568,1095,0.124991745
CWLD_aq0p5_charge_weighted_density,569,1096,0.16000086
CWLD_aq0p5_charge_weighted_density,570,1097,0.1322015
CWLD_aq0p5_charge_weighted_density,571,1111,0.085244946
CWLD_aq0p5_charge_weighted_density,572,1112,0.083706565
CWLD_aq0p5_charge_weighted_density,573,1113,0.09382181
CWLD_aq0p5_charge_weighted_density,574,1114,0.105500594
CWLD_aq0p5_charge_weighted_density,575,1115,0.092801444
CWLD_aq0p5_charge_weighted_density,576,1116,0.12239954
CWLD_aq0p5_charge_weighted_density,577,1117,0.09169262
CWLD_aq0p5_charge_weighted_density,578,1118,0.09673586
CWLD_aq0p5_charge_weighted_density,579,1119,0.14176452
CWLD_aq0p5_charge_weighted_density,580,1133,0.1011668
CWLD_aq0p5_charge_weighted_density,581,1134,0.11715337
CWLD_aq0p5_charge_weighted_density,582,1135,0.12304161
CWLD_aq0p5_charge_weighted_density,583,1136,0.13329574
CWLD_aq0p5_charge_weighted_density,584,1137,0.13090937
CWLD_aq0p5_charge_weighted_density,585,1138,0.12874667
CWLD_aq0p5_charge_weighted_density,586,1139,0.17682113
CWLD_aq0p5_charge_weighted_density,587,1140,0.1782247
CWLD_aq0p5_charge_weighted_density,588,1150,0.1260423
CWLD_aq0p5_charge_weighted_density,589,1151,0.13833152
CWLD_aq0p5_charge_weighted_density,590,1152,0.1427065
CWLD_aq0p5_charge_weighted_density,591,1153,0.15394406
CWLD_aq0p5_charge_weighted_density,592,1154,0.13977346
CWLD_aq0p5_charge_weighted_density,593,1155,0.14983995
CWLD_aq0p5_charge_weighted_density,594,1156,0.16990614
CWLD_aq0p5_charge_weighted_density,595,1157,0.23919259
CWLD_aq0p5_charge_weighted_density,596,1158,0.2674844
CWLD_aq0p5_charge_weighted_density,597,1172,0.17566696
CWLD_aq0p5_charge_weighted_density,598,1173,0.1921715
CWLD_aq0p5_charge_weighted_density,599,1174,0.18379015
CWLD_aq0p5_charge_weighted_density,600,1175,0.1879888
CWLD_aq0p5_charge_weighted_density,601,1176,0.24528888
CWLD_aq0p5_charge_weighted_density,602,1177,0.21581925
CWLD_aq0p5_charge_weighted_density,603,1178,0.22340952
CWLD_aq0p5_charge_weighted_density,604,1179,0.2572247
CWLD_aq0p5_charge_weighted_density,605,1184,0.18543191
CWLD_aq0p5_charge_weighted_density,606,1185,0.2035085
CWLD_aq0p5_charge_weighted_density,607,1186,0.18635017
CWLD_aq0p5_charge_weighted_density,608,1187,0.22802688
CWLD_aq0p5_charge_weighted_density,609,1188,0.22320384
CWLD_aq0p5_charge_weighted_density,610,1189,0.19794129
CWLD_aq0p5_charge_weighted_density,611,1190,0.2576986
CWLD_aq0p5_charge_weighted_density,612,1198,0.14298405
CWLD_aq0p5_charge_weighted_density,613,1199,0.14941841
CWLD_aq0p5_charge_weighted_density,614,1200,0.12849848
CWLD_aq0p5_charge_weighted_density,615,1201,0.17174281
CWLD_aq0p5_charge_weighted_density,616,1202,0.17313775
CWLD_aq0p5_charge_weighted_density,617,1203,0.22288549
CWLD_aq0p5_charge_weighted_density,618,1204,0.2783764
CWLD_aq0p5_charge_weighted_density,619,1205,0.22959644
CWLD_aq0p5_charge_weighted_density,620,1210,0.10330558
CWLD_aq0p5_charge_weighted_density,621,1211,0.09951423
CWLD_aq0p5_charge_weighted_density,622,1212,0.10042909
CWLD_aq0p5_charge_weighted_density,623,1213,0.11817141
CWLD_aq0p5_charge_weighted_density,624,1214,0.12067649
CWLD_aq0p5_charge_weighted_density,625,1215,0.13633546
CWLD_aq0p5_charge_weighted_density,626,1221,0.10157408
CWLD_aq0p5_charge_weighted_density,627,1222,0.1177438
CWLD_aq0p5_charge_weighted_density,628,1223,0.103791244
CWLD_aq0p5_charge_weighted_density,629,1224,0.13347429
CWLD_aq0p5_charge_weighted_density,630,1225,0.14763696
CWLD_aq0p5_charge_weighted_density,631,1226,0.20377488
CWLD_aq0p5_charge_weighted_density,632,1227,0.24734691
CWLD_aq0p5_charge_weighted_density,633,1228,0.25743002
CWLD_aq0p5_charge_weighted_density,634,1229,0.30703208
CWLD_aq0p5_charge_weighted_density,635,1236,0.0763886
CWLD_aq0p5_charge_weighted_density,636,1237,0.069543146
CWLD_aq0p5_charge_weighted_density,637,1238,0.05838192
CWLD_aq0p5_charge_weighted_density,638,1239,0.058861148
CWLD_aq0p5_charge_weighted_density,639,1240,0.10263247
CWLD_aq0p5_charge_weighted_density,640,1241,0.13869971
CWLD_aq0p5_charge_weighted_density,641,1242,0.142582
CWLD_aq0p5_charge_weighted_density,642,1243,0.1490289
CWLD_aq0p5_charge_weighted_density,643,1244,0.20346397
CWLD_aq0p5_charge_weighted_density,644,1251,0.06387611
CWLD_aq0p5_charge_weighted_density,645,1252,0.061840545
CWLD_aq0p5_charge_weighted_density,646,1253,0.05564114
CWLD_aq0p5_charge_weighted_density,647,1254,0.057515945
CWLD_aq0p5_charge_weighted_density,648,1255,0.07823031
CWLD_aq0p5_charge_weighted_density,649,1256,0.06458415
CWLD_aq0p5_charge_weighted_density,650,1257,0.06374486
CWLD_aq0p5_charge_weighted_density,651,1258,0.097717516
CWLD_aq0p5_charge_weighted_density,652,1259,0.067715876
CWLD_aq0p5_charge_weighted_density,653,1266,0.05787131
CWLD_aq0p5_charge_weighted_density,654,1267,0.055402026
CWLD_aq0p5_charge_weighted_density,655,1268,0.052795976
CWLD_aq0p5_charge_weighted_density,656,1269,0.057182163
CWLD_aq0p5_charge_weighted_density,657,1270,0.06867138
CWLD_aq0p5_charge_weighted_density,658,1271,0.085601285
CWLD_aq0p5_charge_weighted_density,659,1272,0.07966582
CWLD_aq0p5_charge_weighted_density,660,1273,0.11159438
CWLD_aq0p5_charge_weighted_density,661,1285,0.057353392
CWLD_aq0p5_charge_weighted_density,662,1286,0.06275325
CWLD_aq0p5_charge_weighted_density,663,1287,0.059228618
CWLD_aq0p5_charge_weighted_density,664,1288,0.06945538
CWLD_aq0p5_charge_weighted_density,665,1289,0.07924802
CWLD_aq0p5_charge_weighted_density,666,1290,0.09767134
CWLD_aq0p5_charge_weighted_density,667,1291,0.11207955
CWLD_aq0p5_charge_weighted_density,668,1292,0.11179469
CWLD_aq0p5_charge_weighted_density,669,1293,0.16164277
CWLD_aq0p5_charge_weighted_density,670,1294,0.19998376
CWLD_aq0p5_charge_weighted_density,671,1295,0.21326134
CWLD_aq0p5_charge_weighted_density,672,1309,0.055908952
CWLD_aq0p5_charge_weighted_density,673,1310,0.063625194
CWLD_aq0p5_charge_weighted_density,674,1311,0.06309545
CWLD_aq0p5_charge_weighted_density,675,1312,0.077274315
CWLD_aq0p5_charge_weighted_density,676,1313,0.072220914
CWLD_aq0p5_charge_weighted_density,677,1314,0.089078836
CWLD_aq0p5_charge_weighted_density,678,1315,0.14193456
CWLD_aq0p5_charge_weighted_density,679,1316,0.18524432
CWLD_aq0p5_charge_weighted_density,680,1317,0.17983913
CWLD_aq0p5_charge_weighted_density,681,1324,0.052981965
CWLD_aq0p5_charge_weighted_density,682,1325,0.051444933
CWLD_aq0p5_charge_weighted_density,683,1326,0.05026966
CWLD_aq0p5_charge_weighted_density,684,1327,0.05600062
CWLD_aq0p5_charge_weighted_density,685,1328,0.05302154
CWLD_aq0p5_charge_weighted_density,686,1334,0.049751956
CWLD_aq0p5_charge_weighted_density,687,1335,0.05276425
CWLD_aq0p5_charge_weighted_density,688,1336,0.057229586
CWLD_aq0p5_charge_weighted_density,689,1337,0.064632855
CWLD_aq0p5_charge_weighted_density,690,1338,0.055942707
CWLD_aq0p5_charge_weighted_density,691,1339,0.057410143
CWLD_aq0p5_charge_weighted_density,692,1340,0.059164505
CWLD_aq0p5_charge_weighted_density,693,1341,0.06731582
CWLD_aq0p5_charge_weighted_density,694,1342,0.067556664
CWLD_aq0p5_charge_weighted_density,695,1343,0.07384068
CWLD_aq0p5_charge_weighted_density,696,1344,0.07386793
CWLD_aq0p5_charge_weighted_density,697,1354,0.060682658
CWLD_aq0p5_charge_weighted_density,698,1355,0.070577495
CWLD_aq0p5_charge_weighted_density,699,1356,0.06618575
CWLD_aq0p5_charge_weighted_density,700,1357,0.080623835
CWLD_aq0p5_charge_weighted_density,701,1358,0.09187286
CWLD_aq0p5_charge_weighted_density,702,1359,0.11519363
CWLD_aq0p5_charge_weighted_density,703,1360,0.13185036
CWLD_aq0p5_charge_weighted_density,704,1361,0.12881592
CWLD_aq0p5_charge_weighted_density,705,1362,0.17069767
CWLD_aq0p5_charge_weighted_density,706,1363,0.23689567
CWLD_aq0p5_charge_weighted_density,707,1364,0.20451044
CWLD_aq0p5_charge_weighted_density,708,1378,0.056747533
CWLD_aq0p5_charge_weighted_density,709,1379,0.056960307
CWLD_aq0p5_charge_weighted_density,710,1380,0.05447362
CWLD_aq0p5_charge_weighted_density,711,1381,0.064642675
CWLD_aq0p5_charge_weighted_density,712,1382,0.06333124
CWLD_aq0p5_charge_weighted_density,713,1383,0.07600707
CWLD_aq0p5_charge_weighted_density,714,1384,0.07566081
CWLD_aq0p5_charge_weighted_density,715,1394,0.049753636
CWLD_aq0p5_charge_weighted_density,716,1395,0.05181757
CWLD_aq0p5_charge_weighted_density,717,1396,0.057769164
CWLD_aq0p5_charge_weighted_density,718,1397,0.07394283
CWLD_aq0p5_charge_weighted_density,719,1398,0.055174917
CWLD_aq0p5_charge_weighted_density,720,1399,0.05724251
CWLD_aq0p5_charge_weighted_density,721,1400,0.065663286
CWLD_aq0p5_charge_weighted_density,722,1401,0.06266678
CWLD_aq0p5_charge_weighted_density,723,1402,0.07719453
CWLD_aq0p5_charge_weighted_density,724,1403,0.07018331
CWLD_aq0p5_charge_weighted_density,725,1404,0.07641081
CWLD_aq0p5_charge_weighted_density,726,1414,0.053771026
CWLD_aq0p5_charge_weighted_density,727,1415,0.054887448
CWLD_aq0p5_charge_weighted_density,728,1416,0.06471512
CWLD_aq0p5_charge_weighted_density,729,1417,0.07407777
CWLD_aq0p5_charge_weighted_density,730,1418,0.056831684
CWLD_aq0p5_charge_weighted_density,731,1419,0.06214968
CWLD_aq0p5_charge_weighted_density,732,1420,0.06486432
CWLD_aq0p5_charge_weighted_density,733,1421,0.07017051
CWLD_aq0p5_charge_weighted_density,734,1426,0.0715652
CWLD_aq0p5_charge_weighted_density,735,1427,0.086071715
CWLD_aq0p5_charge_weighted_density,736,1428,0.08997391
CWLD_aq0p5_charge_weighted_density,737,1429,0.10480365
CWLD_aq0p5_charge_weighted_density,738,1430,0.09958394
CWLD_aq0p5_charge_weighted_density,739,1431,0.11568635
CWLD_aq0p5_charge_weighted_density,740,1432,0.10283121
CWLD_aq0p5_charge_weighted_density,741,1433,0.08362506
CWLD_aq0p5_charge_weighted_density,742,1434,0.11385732
CWLD_aq0p5_charge_weighted_density,743,1448,0.08157285
CWLD_aq0p5_charge_weighted_density,744,1449,0.08244411
CWLD_aq0p5_charge_weighted_density,745,1450,0.0822463
CWLD_aq0p5_charge_weighted_density,746,1451,0.08949889
CWLD_aq0p5_charge_weighted_density,747,1452,0.08043344
CWLD_aq0p5_charge_weighted_density,748,1453,0.07128077
CWLD_aq0p5_charge_weighted_density,749,1454,0.07022318
CWLD_aq0p5_charge_weighted_density,750,1455,0.07438182
CWLD_aq0p5_charge_weighted_density,751,1460,0.07825546
CWLD_aq0p5_charge_weighted_density,752,1461,0.08075341
CWLD_aq0p5_charge_weighted_density,753,1462,0.07655383
CWLD_aq0p5_charge_weighted_density,754,1463,0.08492192
CWLD_aq0p5_charge_weighted_density,755,1467,0.07052006
CWLD_aq0p5_charge_weighted_density,756,1468,0.07062012
CWLD_aq0p5_charge_weighted_density,757,1469,0.069337495
CWLD_aq0p5_charge_weighted_density,758,1470,0.078243285
CWLD_aq0p5_charge_weighted_density,759,1471,0.07328307
CWLD_aq0p5_charge_weighted_density,760,1472,0.07085414
CWLD_aq0p5_charge_weighted_density,761,1473,0.08595704
CWLD_aq0p5_charge_weighted_density,762,1474,0.06492109
CWLD_aq0p5_charge_weighted_density,763,1481,0.06314344
CWLD_aq0p5_charge_weighted_density,764,1482,0.063140824
CWLD_aq0p5_charge_weighted_density,765,1483,0.05777453
CWLD_aq0p5_charge_weighted_density,766,1484,0.06485072
CWLD_aq0p5_charge_weighted_density,767,1488,0.054802768
CWLD_aq0p5_charge_weighted_density,768,1489,0.05242814
CWLD_aq0p5_charge_weighted_density,769,1490,0.046567865
CWLD_aq0p5_charge_weighted_density,770,1491,0.055594854
CWLD_aq0p5_charge_weighted_density,771,1492,0.060951725
CWLD_aq0p5_charge_weighted_density,772,1493,0.07907481
CWLD_aq0p5_charge_weighted_density,773,1494,0.09697114
CWLD_aq0p5_charge_weighted_density,774,1495,0.10944967
CWLD_aq0p5_charge_weighted_density,775,1496,0.13175657
CWLD_aq0p5_charge_weighted_density,776,1497,0.14165926
CWLD_aq0p5_charge_weighted_density,777,1498,0.14842506
CWLD_aq0p5_charge_weighted_density,778,1499,0.18773015
CWLD_aq0p5_charge_weighted_density,779,1509,0.04133311
CWLD_aq0p5_charge_weighted_density,780,1510,0.038327407
CWLD_aq0p5_charge_weighted_density,781,1511,0.03982875
CWLD_aq0p5_charge_weighted_density,782,1512,0.042869635
CWLD_aq0p5_charge_weighted_density,783,1513,0.041504007
CWLD_aq0p5_charge_weighted_density,784,1514,0.047791984
CWLD_aq0p5_charge_weighted_density,785,1515,0.05367981
CWLD_aq0p5_charge_weighted_density,786,1516,0.056923606
CWLD_aq0p5_charge_weighted_density,787,1528,0.0483089
CWLD_aq0p5_charge_weighted_density,788,1529,0.0474752
CWLD_aq0p5_charge_weighted_density,789,1530,0.04403016
CWLD_aq0p5_charge_weighted_density,790,1531,0.0467626
CWLD_aq0p5_charge_weighted_density,791,1532,0.056010667
CWLD_aq0p5_charge_weighted_density,792,1533,0.101703845
CWLD_aq0p5_charge_weighted_density,793,1539,0.04976791
CWLD_aq0p5_charge_weighted_density,794,1540,0.05383312
CWLD_aq0p5_charge_weighted_density,795,1541,0.0523496
CWLD_aq0p5_charge_weighted_density,796,1542,0.061000172
CWLD_aq0p5_charge_weighted_density,797,1543,0.062459297
CWLD_aq0p5_charge_weighted_density,798,1549,0.049193636
CWLD_aq0p5_charge_weighted_density,799,1550,0.051271975
CWLD_aq0p5_charge_weighted_density,800,1551,0.05116091
CWLD_aq0p5_charge_weighted_density,801,1552,0.058110647
CWLD_aq0p5_charge_weighted_density,802,1553,0.056549918
CWLD_aq0p5_charge_weighted_density,803,1559,0.051518705
CWLD_aq0p5_charge_weighted_density,804,1560,0.052165583
CWLD_aq0p5_charge_weighted_density,805,1561,0.055654492
CWLD_aq0p5_charge_weighted_density,806,1562,0.061472088
CWLD_aq0p5_charge_weighted_density,807,1563,0.048430435
CWLD_aq0p5_charge_weighted_density,808,1564,0.054897413
CWLD_aq0p5_charge_weighted_density,809,1565,0.05053219
CWLD_aq0p5_charge_weighted_density,810,1566,0.05316209
CWLD_aq0p5_charge_weighted_density,811,1567,0.05612834
CWLD_aq0p5_charge_weighted_density,812,1574,0.055588212
CWLD_aq0p5_charge_weighted_density,813,1575,0.059041798
CWLD_aq0p5_charge_weighted_density,814,1576,0.05903489
CWLD_aq0p5_charge_weighted_density,815,1577,0.06328416
CWLD_aq0p5_charge_weighted_density,816,1578,0.0631387
CWLD_aq0p5_charge_weighted_density,817,1579,0.07786789
CWLD_aq0p5_charge_weighted_density,818,1580,0.10873108
CWLD_aq0p5_charge_weighted_density,819,1581,0.10495215
CWLD_aq0p5_charge_weighted_density,820,1593,0.059422605
CWLD_aq0p5_charge_weighted_density,821,1594,0.06286807
CWLD_aq0p5_charge_weighted_density,822,1595,0.06592328
CWLD_aq0p5_charge_weighted_density,823,1596,0.07271817
CWLD_aq0p5_charge_weighted_density,824,1597,0.06507634
CWLD_aq0p5_charge_weighted_density,825,1598,0.0729058
CWLD_aq0p5_charge_weighted_density,826,1599,0.086317964
CWLD_aq0p5_charge_weighted_density,827,1600,0.12094727
CWLD_aq0p5_charge_weighted_density,828,1601,0.19775678
CWLD_aq0p5_charge_weighted_density,829,1602,0.2670376
CWLD_aq0p5_charge_weighted_density,830,1603,0.22824591
CWLD_aq0p5_charge_weighted_density,831,1617,0.06228326
CWLD_aq0p5_charge_weighted_density,832,1618,0.06712808
CWLD_aq0p5_charge_weighted_density,833,1619,0.07068489
CWLD_aq0p5_charge_weighted_density,834,1620,0.07912063
CWLD_aq0p5_charge_weighted_density,835,1621,0.06832296
CWLD_aq0p5_charge_weighted_density,836,1622,0.072522976
CWLD_aq0p5_charge_weighted_density,837,1623,0.086346865
CWLD_aq0p5_charge_weighted_density,838,1624,0.08927212
CWLD_aq0p5_charge_weighted_density,839,1625,0.09593091
CWLD_aq0p5_charge_weighted_density,840,1626,0.09553157
CWLD_aq0p5_charge_weighted_density,841,1634,0.07001003
CWLD_aq0p5_charge_weighted_density,842,1635,0.07659944
CWLD_aq0p5_charge_weighted_density,843,1636,0.085452884
CWLD_aq0p5_charge_weighted_density,844,1637,0.099885546
CWLD_aq0p5_charge_weighted_density,845,1638,0.07310055
CWLD_aq0p5_charge_weighted_density,846,1639,0.08298751
CWLD_aq0p5_charge_weighted_density,847,1640,0.0746863
CWLD_aq0p5_charge_weighted_density,848,1650,0.081389025
CWLD_aq0p5_charge_weighted_density,849,1651,0.086878635
CWLD_aq0p5_charge_weighted_density,850,1652,0.09576483
CWLD_aq0p5_charge_weighted_density,851,1653,0.1138532
CWLD_aq0p5_charge_weighted_density,852,1654,0.07659492
CWLD_aq0p5_charge_weighted_density,853,1655,0.08876922
CWLD_aq0p5_charge_weighted_density,854,1656,0.13086696
CWLD_aq0p5_charge_weighted_density,855,1657,0.16719875
CWLD_aq0p5_charge_weighted_density,856,1667,0.08961509
CWLD_aq0p5_charge_weighted_density,857,1668,0.10054555
CWLD_aq0p5_charge_weighted_density,858,1669,0.108023144
CWLD_aq0p5_charge_weighted_density,859,1670,0.12018022
CWLD_aq0p5_charge_weighted_density,860,1671,0.10367222
CWLD_aq0p5_charge_weighted_density,861,1672,0.124690056
CWLD_aq0p5_charge_weighted_density,862,1673,0.09944147
CWLD_aq0p5_charge_weighted_density,863,1681,0.1066084
CWLD_aq0p5_charge_weighted_density,864,1682,0.11569125
CWLD_aq0p5_charge_weighted_density,865,1683,0.1241453
CWLD_aq0p5_charge_weighted_density,866,1684,0.14124602
CWLD_aq0p5_charge_weighted_density,867,1685,0.1222785
CWLD_aq0p5_charge_weighted_density,868,1686,0.13019489
CWLD_aq0p5_charge_weighted_density,869,1687,0.11252199
CWLD_aq0p5_charge_weighted_density,870,1688,0.2038313
CWLD_aq0p5_charge_weighted_density,871,1695,0.11822752
CWLD_aq0p5_charge_weighted_density,872,1696,0.12958232
CWLD_aq0p5_charge_weighted_density,873,1697,0.13857102
CWLD_aq0p5_charge_weighted_density,874,1698,0.15598366
CWLD_aq0p5_charge_weighted_density,875,1699,0.13222882
CWLD_aq0p5_charge_weighted_density,876,1700,0.13046153
CWLD_aq0p5_charge_weighted_density,877,1701,0.14050502
CWLD_aq0p5_charge_weighted_density,878,1702,0.14481819
CWLD_aq0p5_charge_weighted_density,879,1714,0.13196819
CWLD_aq0p5_charge_weighted_density,880,1715,0.13316455
CWLD_aq0p5_charge_weighted_density,881,1716,0.108460605
CWLD_aq0p5_charge_weighted_density,882,1717,0.10880861
CWLD_aq0p5_charge_weighted_density,883,1721,0.11626837
CWLD_aq0p5_charge_weighted_density,884,1722,0.09881575
CWLD_aq0p5_charge_weighted_density,885,1723,0.093918934
CWLD_aq0p5_charge_weighted_density,886,1724,0.14075896
CWLD_aq0p5_charge_weighted_density,887,1725,0.13249226
CWLD_aq0p5_charge_weighted_density,888,1726,0.14218374
CWLD_aq0p5_charge_weighted_density,889,1727,0.15118638
CWLD_aq0p5_charge_weighted_density,890,1728,0.15837267
CWLD_aq0p5_charge_weighted_density,891,1729,0.21471542
CWLD_aq0p5_charge_weighted_density,892,1736,0.09604595
CWLD_aq0p5_charge_weighted_density,893,1737,0.13489428
CWLD_aq0p5_charge_weighted_density,894,1738,0.12083667
CWLD_aq0p5_charge_weighted_density,895,1739,0.14827566
CWLD_aq0p5_charge_weighted_density,896,1740,0.20573626
CWLD_aq0p5_charge_weighted_density,897,1741,0.22504835
CWLD_aq0p5_charge_weighted_density,898,1742,0.25157025
CWLD_aq0p5_charge_weighted_density,899,1743,0.30108845
CWLD_aq0p5_charge_weighted_density,900,1744,0.3538649
CWLD_aq0p5_charge_weighted_density,901,1758,0.10268839
CWLD_aq0p5_charge_weighted_density,902,1759,0.092209436
CWLD_aq0p5_charge_weighted_density,903,1760,0.09949648
CWLD_aq0p5_charge_weighted_density,904,1761,0.11115503
CWLD_aq0p5_charge_weighted_density,905,1762,0.08830937
CWLD_aq0p5_charge_weighted_density,906,1763,0.07392438
CWLD_aq0p5_charge_weighted_density,907,1764,0.08181955
CWLD_aq0p5_charge_weighted_density,908,1765,0.077903934
CWLD_aq0p5_charge_weighted_density,909,1777,0.10273055
CWLD_aq0p5_charge_weighted_density,910,1778,0.11123135
CWLD_aq0p5_charge_weighted_density,911,1779,0.102143906
CWLD_aq0p5_charge_weighted_density,912,1780,0.099381246
CWLD_aq0p5_charge_weighted_density,913,1781,0.123851314
CWLD_aq0p5_charge_weighted_density,914,1782,0.14801191
CWLD_aq0p5_charge_weighted_density,915,1783,0.13075387
CWLD_aq0p5_charge_weighted_density,916,1791,0.10180364
CWLD_aq0p5_charge_weighted_density,917,1792,0.095317796
CWLD_aq0p5_charge_weighted_density,918,1793,0.08741951
CWLD_aq0p5_charge_weighted_density,919,1794,0.08371058
CWLD_aq0p5_charge_weighted_density,920,1795,0.10704598
CWLD_aq0p5_charge_weighted_density,921,1796,0.13103643
CWLD_aq0p5_charge_weighted_density,922,1797,0.1702505
CWLD_aq0p5_charge_weighted_density,923,1798,0.19243601
CWLD_aq0p5_charge_weighted_density,924,1803,0.09264678
CWLD_aq0p5_charge_weighted_density,925,1804,0.09168669
CWLD_aq0p5_charge_weighted_density,926,1805,0.089065515
CWLD_aq0p5_charge_weighted_density,927,1806,0.098251544
CWLD_aq0p5_charge_weighted_density,928,1807,0.10073942
CWLD_aq0p5_charge_weighted_density,929,1808,0.18346083
CWLD_aq0p5_charge_weighted_density,930,1809,0.19207016
CWLD_aq0p5_charge_weighted_density,931,1810,0.2186543
CWLD_aq0p5_charge_weighted_density,932,1811,0.23777251
CWLD_aq0p5_charge_weighted_density,933,1818,0.0889832
CWLD_aq0p5_charge_weighted_density,934,1819,0.08941541
CWLD_aq0p5_charge_weighted_density,935,1820,0.081229664
CWLD_aq0p5_charge_weighted_density,936,1821,0.08081
CWLD_aq0p5_charge_weighted_density,937,1822,0.100399114
CWLD_aq0p5_charge_weighted_density,938,1823,0.10819826
CWLD_aq0p5_charge_weighted_density,939,1824,0.12662317
CWLD_aq0p5_charge_weighted_density,940,1825,0.20116915
CWLD_aq0p5_charge_weighted_density,941,1826,0.103059985
CWLD_aq0p5_charge_weighted_density,942,1833,0.08016647
CWLD_aq0p5_charge_weighted_density,943,1834,0.07125368
CWLD_aq0p5_charge_weighted_density,944,1835,0.06632243
CWLD_aq0p5_charge_weighted_density,945,1836,0.06333544
CWLD_aq0p5_charge_weighted_density,946,1837,0.0741769
CWLD_aq0p5_charge_weighted_density,947,1838,0.07516291
CWLD_aq0p5_charge_weighted_density,948,1839,0.089636475
CWLD_aq0p5_charge_weighted_density,949,1849,0.07349379
CWLD_aq0p5_charge_weighted_density,950,1850,0.075775325
CWLD_aq0p5_charge_weighted_density,951,1851,0.07586649
CWLD_aq0p5_charge_weighted_density,952,1852,0.078268096
CWLD_aq0p5_charge_weighted_density,953,1853,0.08474356
CWLD_aq0p5_charge_weighted_density,954,1854,0.092973866
CWLD_aq0p5_charge_weighted_density,955,1855,0.100983866
CWLD_aq0p5_charge_weighted_density,956,1856,0.116975315
CWLD_aq0p5_charge_weighted_density,957,1861,0.07796082
CWLD_aq0p5_charge_weighted_density,958,1862,0.078096874
CWLD_aq0p5_charge_weighted_density,959,1863,0.07266393
CWLD_aq0p5_charge_weighted_density,960,1864,0.07659263
CWLD_aq0p5_charge_weighted_density,961,1865,0.0870366
CWLD_aq0p5_charge_weighted_density,962,1866,0.097510524
CWLD_aq0p5_charge_weighted_density,963,1867,0.14034006
CWLD_aq0p5_charge_weighted_density,964,1868,0.20957683
CWLD_aq0p5_charge_weighted_density,965,1869,0.17506236
CWLD_aq0p5_charge_weighted_density,966,1876,0.067750394
CWLD_aq0p5_charge_weighted_density,967,1877,0.062156137
CWLD_aq0p5_charge_weighted_density,968,1878,0.057473984
CWLD_aq0p5_charge_weighted_density,969,1879,0.0604198
CWLD_aq0p5_charge_weighted_density,970,1880,0.060980443
CWLD_aq0p5_charge_weighted_density,971,1881,0.058329478
CWLD_aq0p5_charge_weighted_density,972,1882,0.06569998
CWLD_aq0p5_charge_weighted_density,973,1883,0.10427349
CWLD_aq0p5_charge_weighted_density,974,1893,0.05490194
CWLD_aq0p5_charge_weighted_density,975,1894,0.054343652
CWLD_aq0p5_charge_weighted_density,976,1895,0.05864056
CWLD_aq0p5_charge_weighted_density,977,1896,0.061933555
CWLD_aq0p5_charge_weighted_density,978,1897,0.058236178
CWLD_aq0p5_charge_weighted_density,979,1898,0.06073299
CWLD_aq0p5_charge_weighted_density,980,1899,0.06597607
CWLD_aq0p5_charge_weighted_density,981,1900,0.06327814
CWLD_aq0p5_charge_weighted_density,982,1912,0.06429928
CWLD_aq0p5_charge_weighted_density,983,1913,0.07057161
CWLD_aq0p5_charge_weighted_density,984,1914,0.0760086
CWLD_aq0p5_charge_weighted_density,985,1915,0.08475432
CWLD_aq0p5_charge_weighted_density,986,1916,0.08081136
CWLD_aq0p5_charge_weighted_density,987,1917,0.08997874
CWLD_aq0p5_charge_weighted_density,988,1918,0.121351145
CWLD_aq0p5_charge_weighted_density,989,1919,0.14409238
CWLD_aq0p5_charge_weighted_density,990,1920,0.16479945
CWLD_aq0p5_charge_weighted_density,991,1921,0.20619443
CWLD_aq0p5_charge_weighted_density,992,1922,0.22667532
CWLD_aq0p5_charge_weighted_density,993,1936,0.07621313
CWLD_aq0p5_charge_weighted_density,994,1937,0.08128294
CWLD_aq0p5_charge_weighted_density,995,1938,0.076959565
CWLD_aq0p5_charge_weighted_density,996,1939,0.08596512
CWLD_aq0p5_charge_weighted_density,997,1940,0.08681623
CWLD_aq0p5_charge_weighted_density,998,1941,0.09363474
CWLD_aq0p5_charge_weighted_density,999,1942,0.101389736
CWLD_aq0p5_charge_weighted_density,1000,1943,0.17198579
CWLD_aq0p5_charge_weighted_density,1001,1944,0.13640809
CWLD_aq0p5_charge_weighted_density,1002,1951,0.068929516
CWLD_aq0p5_charge_weighted_density,1003,1952,0.068685256
CWLD_aq0p5_charge_weighted_density,1004,1953,0.07119089
CWLD_aq0p5_charge_weighted_density,1005,1954,0.08281425
CWLD_aq0p5_charge_weighted_density,1006,1955,0.062575586
CWLD_aq0p5_charge_weighted_density,1007,1961,0.06747558
CWLD_aq0p5_charge_weighted_density,1008,1962,0.07229485
CWLD_aq0p5_charge_weighted_density,1009,1963,0.08501278
CWLD_aq0p5_charge_weighted_density,1010,1964,0.11137635
CWLD_aq0p5_charge_weighted_density,1011,1965,0.07317317
CWLD_aq0p5_charge_weighted_density,1012,1966,0.102690496
CWLD_aq0p5_charge_weighted_density,1013,1967,0.124445006
CWLD_aq0p5_charge_weighted_density,1014,1968,0.12134552
CWLD_aq0p5_charge_weighted_density,1015,1973,0.0990296
CWLD_aq0p5_charge_weighted_density,1016,1974,0.10920936
CWLD_aq0p5_charge_weighted_density,1017,1975,0.11539616
CWLD_aq0p5_charge_weighted_density,1018,1976,0.12411195
CWLD_aq0p5_charge_weighted_density,1019,1977,0.121421434
CWLD_aq0p5_charge_weighted_density,1020,1978,0.12360477
CWLD_aq0p5_charge_weighted_density,1021,1979,0.13729833
CWLD_aq0p5_charge_weighted_density,1022,1980,0.14053425
CWLD_aq0p5_charge_weighted_density,1023,1992,0.11661564
CWLD_aq0p5_charge_weighted_density,1024,1993,0.123364195
CWLD_aq0p5_charge_weighted_density,1025,1994,0.12619013
CWLD_aq0p5_charge_weighted_density,1026,1995,0.13702005
CWLD_aq0p5_charge_weighted_density,1027,1996,0.13072206
CWLD_aq0p5_charge_weighted_density,1028,1997,0.13919702
CWLD_aq0p5_charge_weighted_density,1029,1998,0.13888182
CWLD_aq0p5_charge_weighted_density,1030,1999,0.1603809
CWLD_aq0p5_charge_weighted_density,1031,2004,0.12018071
CWLD_aq0p5_charge_weighted_density,1032,2005,0.1219141
CWLD_aq0p5_charge_weighted_density,1033,2006,0.12081565
CWLD_aq0p5_charge_weighted_density,1034,2007,0.15041776
CWLD_aq0p5_charge_weighted_density,1035,2011,0.10738896
CWLD_aq0p5_charge_weighted_density,1036,2012,0.10573509
CWLD_aq0p5_charge_weighted_density,1037,2013,0.095130526
CWLD_aq0p5_charge_weighted_density,1038,2014,0.10717498
CWLD_aq0p5_charge_weighted_density,1039,2015,0.114462465
CWLD_aq0p5_charge_weighted_density,1040,2016,0.103991255
CWLD_aq0p5_charge_weighted_density,1041,2017,0.118190624
CWLD_aq0p5_charge_weighted_density,1042,2018,0.10233489
CWLD_aq0p5_charge_weighted_density,1043,2023,0.08475207
CWLD_aq0p5_charge_weighted_density,1044,2024,0.082125396
CWLD_aq0p5_charge_weighted_density,1045,2025,0.06883795
CWLD_aq0p5_charge_weighted_density,1046,2026,0.067508645
CWLD_aq0p5_charge_weighted_density,1047,2030,0.06743784
CWLD_aq0p5_charge_weighted_density,1048,2031,0.058865793
CWLD_aq0p5_charge_weighted_density,1049,2032,0.060119905
CWLD_aq0p5_charge_weighted_density,1050,2033,0.0676383
CWLD_aq0p5_charge_weighted_density,1051,2034,0.062195603
CWLD_aq0p5_charge_weighted_density,1052,2035,0.069028646
CWLD_aq0p5_charge_weighted_density,1053,2036,0.07373551
CWLD_aq0p5_charge_weighted_density,1054,2037,0.12953623
CWLD_aq0p5_charge_weighted_density,1055,2038,0.084438674
CWLD_aq0p5_charge_weighted_density,1056,2047,0.06049025
CWLD_aq0p5_charge_weighted_density,1057,2048,0.06006943
CWLD_aq0p5_charge_weighted_density,1058,2049,0.055820897
CWLD_aq0p5_charge_weighted_density,1059,2050,0.049905457
CWLD_aq0p5_charge_weighted_density,1060,2051,0.06061783
CWLD_aq0p5_charge_weighted_density,1061,2052,0.066639826
CWLD_aq0p5_charge_weighted_density,1062,2053,0.06815858
CWLD_aq0p5_charge_weighted_density,1063,2063,0.068628535
CWLD_aq0p5_charge_weighted_density,1064,2064,0.067226745
CWLD_aq0p5_charge_weighted_density,1065,2065,0.06428545
CWLD_aq0p5_charge_weighted_density,1066,2066,0.067100376
CWLD_aq0p5_charge_weighted_density,1067,2067,0.07267404
CWLD_aq0p5_charge_weighted_density,1068,2068,0.06777661
CWLD_aq0p5_charge_weighted_density,1069,2069,0.11063062
CWLD_aq0p5_charge_weighted_density,1070,2070,0.10575373
CWLD_aq0p5_charge_weighted_density,1071,2077,0.0658985
CWLD_aq0p5_charge_weighted_density,1072,2078,0.06520192
CWLD_aq0p5_charge_weighted_density,1073,2079,0.07114503
CWLD_aq0p5_charge_weighted_density,1074,2080,0.07220419
CWLD_aq0p5_charge_weighted_density,1075,2081,0.07193345
CWLD_aq0p5_charge_weighted_density,1076,2082,0.07299208
CWLD_aq0p5_charge_weighted_density,1077,2083,0.069905125
CWLD_aq0p5_charge_weighted_density,1078,2084,0.08965853
CWLD_aq0p5_charge_weighted_density,1079,2085,0.07891507
CWLD_aq0p5_charge_weighted_density,1080,2086,0.09523129
CWLD_aq0p5_charge_weighted_density,1081,2087,0.08660162
CWLD_aq0p5_charge_weighted_density,1082,2088,0.10067237
CWLD_aq0p5_charge_weighted_density,1083,2098,0.07984992
CWLD_aq0p5_charge_weighted_density,1084,2099,0.089695655
CWLD_aq0p5_charge_weighted_density,1085,2100,0.09127886
CWLD_aq0p5_charge_weighted_density,1086,2101,0.10651769
CWLD_aq0p5_charge_weighted_density,1087,2102,0.10619914
CWLD_aq0p5_charge_weighted_density,1088,2103,0.16035385
CWLD_aq0p5_charge_weighted_density,1089,2104,0.2425312
CWLD_aq0p5_charge_weighted_density,1090,2105,0.2735436
CWLD_aq0p5_charge_weighted_density,1091,2106,0.33177277
CWLD_aq0p5_charge_weighted_density,1092,2113,0.08669485
CWLD_aq0p5_charge_weighted_density,1093,2114,0.091835976
CWLD_aq0p5_charge_weighted_density,1094,2115,0.09058811
CWLD_aq0p5_charge_weighted_density,1095,2116,0.102233425
CWLD_aq0p5_charge_weighted_density,1096,2117,0.0952874
CWLD_aq0p5_charge_weighted_density,1097,2118,0.096407674
CWLD_aq0p5_charge_weighted_density,1098,2119,0.0957151
CWLD_aq0p5_charge_weighted_density,1099,2120,0.13802983
CWLD_aq0p5_charge_weighted_density,1100,2121,0.083190195
CWLD_aq0p5_charge_weighted_density,1101,2128,0.08089919
CWLD_aq0p5_charge_weighted_density,1102,2129,0.07906442
CWLD_aq0p5_charge_weighted_density,1103,2130,0.08177999
CWLD_aq0p5_charge_weighted_density,1104,2131,0.092967734
CWLD_aq0p5_charge_weighted_density,1105,2132,0.07094976
CWLD_aq0p5_charge_weighted_density,1106,2133,0.06147726
CWLD_aq0p5_charge_weighted_density,1107,2134,0.07130553
CWLD_aq0p5_charge_weighted_density,1108,2135,0.056698274
CWLD_aq0p5_charge_weighted_density,1109,2136,0.06813248
CWLD_aq0p5_charge_weighted_density,1110,2137,0.058562677
CWLD_aq0p5_charge_weighted_density,1111,2138,0.06082927
CWLD_aq0p5_charge_weighted_density,1112,2148,0.07574856
CWLD_aq0p5_charge_weighted_density,1113,2149,0.07625988
CWLD_aq0p5_charge_weighted_density,1114,2150,0.07729033
CWLD_aq0p5_charge_weighted_density,1115,2151,0.081970654
CWLD_aq0p5_charge_weighted_density,1116,2152,0.077264294
CWLD_aq0p5_charge_weighted_density,1117,2153,0.08851436
CWLD_aq0p5_charge_weighted_density,1118,2154,0.08135904
CWLD_aq0p5_charge_weighted_density,1119,2164,0.07834435
CWLD_aq0p5_charge_weighted_density,1120,2165,0.085190475
CWLD_aq0p5_charge_weighted_density,1121,2166,0.09416173
CWLD_aq0p5_charge_weighted_density,1122,2167,0.11169943
CWLD_aq0p5_charge_weighted_density,1123,2168,0.08752203
CWLD_aq0p5_charge_weighted_density,1124,2169,0.11562796
CWLD_aq0p5_charge_weighted_density,1125,2170,0.16151257
CWLD_aq0p5_charge_weighted_density,1126,2171,0.21425815
CWLD_aq0p5_charge_weighted_density,1127,2172,0.21297975
CWLD_aq0p5_charge_weighted_density,1128,2181,0.09262895
CWLD_aq0p5_charge_weighted_density,1129,2182,0.10263369
CWLD_aq0p5_charge_weighted_density,1130,2183,0.10909567
CWLD_aq0p5_charge_weighted_density,1131,2184,0.11115203
CWLD_aq0p5_charge_weighted_density,1132,2185,0.11110077
CWLD_aq0p5_charge_weighted_density,1133,2186,0.1120156
CWLD_aq0p5_charge_weighted_density,1134,2187,0.11674909
CWLD_aq0p5_charge_weighted_density,1135,2188,0.15206093
CWLD_aq0p5_charge_weighted_density,1136,2198,0.117601335
CWLD_aq0p5_charge_weighted_density,1137,2199,0.12958816
CWLD_aq0p5_charge_weighted_density,1138,2200,0.13184007
CWLD_aq0p5_charge_weighted_density,1139,2201,0.15877752
CWLD_aq0p5_charge_weighted_density,1140,2202,0.12965937
CWLD_aq0p5_charge_weighted_density,1141,2203,0.1463331
CWLD_aq0p5_charge_weighted_density,1142,2204,0.15891004
CWLD_aq0p5_charge_weighted_density,1143,2205,0.1574084
CWLD_aq0p5_charge_weighted_density,1144,2215,0.118670754
CWLD_aq0p5_charge_weighted_density,1145,2216,0.12784855
CWLD_aq0p5_charge_weighted_density,1146,2217,0.1378471
CWLD_aq0p5_charge_weighted_density,1147,2218,0.14427808
CWLD_aq0p5_charge_weighted_density,1148,2219,0.1184148
CWLD_aq0p5_charge_weighted_density,1149,2220,0.1218848
CWLD_aq0p5_charge_weighted_density,1150,2221,0.100326985
CWLD_aq0p5_charge_weighted_density,1151,2229,0.149556
CWLD_aq0p5_charge_weighted_density,1152,2230,0.16090739
CWLD_aq0p5_charge_weighted_density,1153,2231,0.14943717
CWLD_aq0p5_charge_weighted_density,1154,2232,0.12889372
CWLD_aq0p5_charge_weighted_density,1155,2233,0.19761126
CWLD_aq0p5_charge_weighted_density,1156,2239,0.17810819
CWLD_aq0p5_charge_weighted_density,1157,2240,0.19292471
CWLD_aq0p5_charge_weighted_density,1158,2241,0.19839963
CWLD_aq0p5_charge_weighted_density,1159,2242,0.23256595
CWLD_aq0p5_charge_weighted_density,1160,2243,0.19539471
CWLD_aq0p5_charge_weighted_density,1161,2244,0.22688279
CWLD_aq0p5_charge_weighted_density,1162,2245,0.21900578
CWLD_aq0p5_charge_weighted_density,1163,2246,0.25096348
CWLD_aq0p5_charge_weighted_density,1164,2247,0.286033
CWLD_aq0p5_charge_weighted_density,1165,2248,0.19159916
CWLD_aq0p5_charge_weighted_density,1166,2262,0.5161802
CWLD_aq0p5_charge_weighted_density,1167,2263,0.4404781
CWLD_aq0p5_charge_weighted_density,1168,2264,0.36371383
CWLD_aq0p5_charge_weighted_density,1169,2265,0.37716627
CWLD_aq0p5_charge_weighted_density,1170,2266,0.47036237
CWLD_aq0p5_charge_weighted_density,1171,2267,0.4751736
CWLD_aq0p5_charge_weighted_density,1172,2268,0.52879375
CWLD_aq0p5_charge_weighted_density,1173,2280,0.3076451
CWLD_aq0p5_charge_weighted_density,1174,2281,0.23448181
CWLD_aq0p5_charge_weighted_density,1175,2282,0.20329763
CWLD_aq0p5_charge_weighted_density,1176,2283,0.22639208
CWLD_aq0p5_charge_weighted_density,1177,2284,0.24594253
CWLD_aq0p5_charge_weighted_density,1178,2285,0.18462858
CWLD_aq0p5_charge_weighted_density,1179,2286,0.13861643
CWLD_aq0p5_charge_weighted_density,1180,2287,0.12897949
CWLD_aq0p5_charge_weighted_density,1181,2288,0.13810523
CWLD_aq0p5_charge_weighted_density,1182,2302,0.17398845
CWLD_aq0p5_charge_weighted_density,1183,2303,0.15667713
CWLD_aq0p5_charge_weighted_density,1184,2304,0.13066636
CWLD_aq0p5_charge_weighted_density,1185,2305,0.13623267
CWLD_aq0p5_charge_weighted_density,1186,2306,0.19027677
CWLD_aq0p5_charge_weighted_density,1187,2307,0.21949399
CWLD_aq0p5_charge_weighted_density,1188,2308,0.25042337
CWLD_aq0p5_charge_weighted_density,1189,2309,0.26814452
CWLD_aq0p5_charge_weighted_density,1190,2321,0.11748719
CWLD_aq0p5_charge_weighted_density,1191,2322,0.1036128
CWLD_aq0p5_charge_weighted_density,1192,2323,0.09793495
CWLD_aq0p5_charge_weighted_density,1193,2324,0.10379412
CWLD_aq0p5_charge_weighted_density,1194,2325,0.11144768
CWLD_aq0p5_charge_weighted_density,1195,2326,0.13692227
CWLD_aq0p5_charge_weighted_density,1196,2327,0.10584861
CWLD_aq0p5_charge_weighted_density,1197,2328,0.11724376
CWLD_aq0p5_charge_weighted_density,1198,2340,0.09302217
CWLD_aq0p5_charge_weighted_density,1199,2341,0.08929128
CWLD_aq0p5_charge_weighted_density,1200,2342,0.081909746
CWLD_aq0p5_charge_weighted_density,1201,2343,0.09006404
CWLD_aq0p5_charge_weighted_density,1202,2344,0.098350786
CWLD_aq0p5_charge_weighted_density,1203,2345,0.106469944
CWLD_aq0p5_charge_weighted_density,1204,2346,0.09680015
CWLD_aq0p5_charge_weighted_density,1205,2354,0.0776819
CWLD_aq0p5_charge_weighted_density,1206,2355,0.08120276
CWLD_aq0p5_charge_weighted_density,1207,2356,0.072638996
CWLD_aq0p5_charge_weighted_density,1208,2357,0.07731774
CWLD_aq0p5_charge_weighted_density,1209,2358,0.0888817
CWLD_aq0p5_charge_weighted_density,1210,2359,0.08366051
CWLD_aq0p5_charge_weighted_density,1211,2365,0.0690883
CWLD_aq0p5_charge_weighted_density,1212,2366,0.06895901
CWLD_aq0p5_charge_weighted_density,1213,2367,0.07192606
CWLD_aq0p5_charge_weighted_density,1214,2368,0.086499326
CWLD_aq0p5_charge_weighted_density,1215,2369,0.073787965
CWLD_aq0p5_charge_weighted_density,1216,2370,0.06889719
CWLD_aq0p5_charge_weighted_density,1217,2371,0.07568482
CWLD_aq0p5_charge_weighted_density,1218,2372,0.061110992
CWLD_aq0p5_charge_weighted_density,1219,2373,0.06586882
CWLD_aq0p5_charge_weighted_density,1220,2374,0.060720883
CWLD_aq0p5_charge_weighted_density,1221,2375,0.07250178
CWLD_aq0p5_charge_weighted_density,1222,2376,0.06927568
CWLD_aq0p5_charge_weighted_density,1223,2377,0.066227235
CWLD_aq0p5_charge_weighted_density,1224,2378,0.069528714
CWLD_aq0p5_charge_weighted_density,1225,2389,0.066609964
CWLD_aq0p5_charge_weighted_density,1226,2390,0.074145146
CWLD_aq0p5_charge_weighted_density,1227,2391,0.075489245
CWLD_aq0p5_charge_weighted_density,1228,2392,0.09083191
CWLD_aq0p5_charge_weighted_density,1229,2393,0.080669224
CWLD_aq0p5_charge_weighted_density,1230,2394,0.09401118
CWLD_aq0p5_charge_weighted_density,1231,2395,0.0785916
CWLD_aq0p5_charge_weighted_density,1232,2403,0.067999765
CWLD_aq0p5_charge_weighted_density,1233,2404,0.06879582
CWLD_aq0p5_charge_weighted_density,1234,2405,0.0696802
CWLD_aq0p5_charge_weighted_density,1235,2406,0.07280869
CWLD_aq0p5_charge_weighted_density,1236,2407,0.07251538
CWLD_aq0p5_charge_weighted_density,1237,2408,0.08195301
CWLD_aq0p5_charge_weighted_density,1238,2409,0.078963846
CWLD_aq0p5_charge_weighted_density,1239,2417,0.07169465
CWLD_aq0p5_charge_weighted_density,1240,2418,0.07279841
CWLD_aq0p5_charge_weighted_density,1241,2419,0.069304004
CWLD_aq0p5_charge_weighted_density,1242,2420,0.07321475
CWLD_aq0p5_charge_weighted_density,1243,2421,0.077272825
CWLD_aq0p5_charge_weighted_density,1244,2422,0.087408975
CWLD_aq0p5_charge_weighted_density,1245,2423,0.07721371
CWLD_aq0p5_charge_weighted_density,1246,2433,0.06652866
CWLD_aq0p5_charge_weighted_density,1247,2434,0.06648855
CWLD_aq0p5_charge_weighted_density,1248,2435,0.06517157
CWLD_aq0p5_charge_weighted_density,1249,2436,0.06581301
CWLD_aq0p5_charge_weighted_density,1250,2437,0.07193781
CWLD_aq0p5_charge_weighted_density,1251,2438,0.09822503
CWLD_aq0p5_charge_weighted_density,1252,2439,0.10279198
CWLD_aq0p5_charge_weighted_density,1253,2440,0.14920075
CWLD_aq0p5_charge_weighted_density,1254,2452,0.06590441
CWLD_aq0p5_charge_weighted_density,1255,2453,0.06467492
CWLD_aq0p5_charge_weighted_density,1256,2454,0.059410155
CWLD_aq0p5_charge_weighted_density,1257,2455,0.060525686
CWLD_aq0p5_charge_weighted_density,1258,2456,0.07466473
CWLD_aq0p5_charge_weighted_density,1259,2457,0.107437134
CWLD_aq0p5_charge_weighted_density,1260,2458,0.13783641
CWLD_aq0p5_charge_weighted_density,1261,2459,0.16371757
CWLD_aq0p5_charge_weighted_density,1262,2471,0.05987901
CWLD_aq0p5_charge_weighted_density,1263,2472,0.057231184
CWLD_aq0p5_charge_weighted_density,1264,2473,0.0589306
CWLD_aq0p5_charge_weighted_density,1265,2474,0.06494093
CWLD_aq0p5_charge_weighted_density,1266,2475,0.062503114
CWLD_aq0p5_charge_weighted_density,1267,2476,0.07233298
CWLD_aq0p5_charge_weighted_density,1268,2477,0.062516876
CWLD_aq0p5_charge_weighted_density,1269,2487,0.06150321
CWLD_aq0p5_charge_weighted_density,1270,2488,0.062065367
CWLD_aq0p5_charge_weighted_density,1271,2489,0.061416432
CWLD_aq0p5_charge_weighted_density,1272,2490,0.064750664
CWLD_aq0p5_charge_weighted_density,1273,2491,0.06491088
CWLD_aq0p5_charge_weighted_density,1274,2492,0.07598128
CWLD_aq0p5_charge_weighted_density,1275,2493,0.09031925
CWLD_aq0p5_charge_weighted_density,1276,2494,0.16129133
CWLD_aq0p5_charge_weighted_density,1277,2495,0.14079712
CWLD_aq0p5_charge_weighted_density,1278,2509,0.062116593
CWLD_aq0p5_charge_weighted_density,1279,2510,0.061628763
CWLD_aq0p5_charge_weighted_density,1280,2511,0.05944922
CWLD_aq0p5_charge_weighted_density,1281,2512,0.064778335
CWLD_aq0p5_charge_weighted_density,1282,2513,0.06466948
CWLD_aq0p5_charge_weighted_density,1283,2514,0.06600546
CWLD_aq0p5_charge_weighted_density,1284,2520,0.057225823
CWLD_aq0p5_charge_weighted_density,1285,2521,0.055403437
CWLD_aq0p5_charge_weighted_density,1286,2522,0.056283794
CWLD_aq0p5_charge_weighted_density,1287,2523,0.063007705
CWLD_aq0p5_charge_weighted_density,1288,2524,0.059865367
CWLD_aq0p5_charge_weighted_density,1289,2525,0.09104355
CWLD_aq0p5_charge_weighted_density,1290,2526,0.11755057
CWLD_aq0p5_charge_weighted_density,1291,2527,0.19589147
CWLD_aq0p5_charge_weighted_density,1292,2537,0.057700682
CWLD_aq0p5_charge_weighted_density,1293,2538,0.06475452
CWLD_aq0p5_charge_weighted_density,1294,2539,0.06395625
CWLD_aq0p5_charge_weighted_density,1295,2540,0.074250564
CWLD_aq0p5_charge_weighted_density,1296,2541,0.07794285
CWLD_aq0p5_charge_weighted_density,1297,2542,0.093407854
CWLD_aq0p5_charge_weighted_density,1298,2543,0.13788486
CWLD_aq0p5_charge_weighted_density,1299,2544,0.16484077
CWLD_aq0p5_charge_weighted_density,1300,2556,0.06649499
CWLD_aq0p5_charge_weighted_density,1301,2557,0.06780414
CWLD_aq0p5_charge_weighted_density,1302,2558,0.070296794
CWLD_aq0p5_charge_weighted_density,1303,2559,0.085706145
CWLD_aq0p5_charge_weighted_density,1304,2560,0.070158735
CWLD_aq0p5_charge_weighted_density,1305,2561,0.08142984
CWLD_aq0p5_charge_weighted_density,1306,2562,0.11579941
CWLD_aq0p5_charge_weighted_density,1307,2563,0.14678776
CWLD_aq0p5_charge_weighted_density,1308,2564,0.1325024
CWLD_aq0p5_charge_weighted_density,1309,2565,0.13764977
CWLD_aq0p5_charge_weighted_density,1310,2566,0.16495137
CWLD_aq0p5_charge_weighted_density,1311,2580,0.06727778
CWLD_aq0p5_charge_weighted_density,1312,2581,0.072165966
CWLD_aq0p5_charge_weighted_density,1313,2582,0.06936107
CWLD_aq0p5_charge_weighted_density,1314,2583,0.0792497
CWLD_aq0p5_charge_weighted_density,1315,2584,0.080151506
CWLD_aq0p5_charge_weighted_density,1316,2585,0.09652981
CWLD_aq0p5_charge_weighted_density,1317,2586,0.14197919
CWLD_aq0p5_charge_weighted_density,1318,2587,0.15515143
CWLD_aq0p5_charge_weighted_density,1319,2588,0.19009699
CWLD_aq0p5_charge_weighted_density,1320,2602,0.062544726
CWLD_aq0p5_charge_weighted_density,1321,2603,0.06325189
CWLD_aq0p5_charge_weighted_density,1322,2604,0.058424614
CWLD_aq0p5_charge_weighted_density,1323,2605,0.064059906
CWLD_aq0p5_charge_weighted_density,1324,2606,0.07568526
CWLD_aq0p5_charge_weighted_density,1325,2607,0.09540223
CWLD_aq0p5_charge_weighted_density,1326,2608,0.10928297
CWLD_aq0p5_charge_weighted_density,1327,2609,0.11610706
CWLD_aq0p5_charge_weighted_density,1328,2610,0.12794471
CWLD_aq0p5_charge_weighted_density,1329,2611,0.15474294
CWLD_aq0p5_charge_weighted_density,1330,2612,0.1478509
CWLD_aq0p5_charge_weighted_density,1331,2626,0.060404893
CWLD_aq0p5_charge_weighted_density,1332,2627,0.063055396
CWLD_aq0p5_charge_weighted_density,1333,2628,0.05983653
CWLD_aq0p5_charge_weighted_density,1334,2629,0.06360819
CWLD_aq0p5_charge_weighted_density,1335,2630,0.07111451
CWLD_aq0p5_charge_weighted_density,1336,2631,0.085730195
CWLD_aq0p5_charge_weighted_density,1337,2637,0.067348324
CWLD_aq0p5_charge_weighted_density,1338,2638,0.05795728
CWLD_aq0p5_charge_weighted_density,1339,2639,0.05890917
CWLD_aq0p5_charge_weighted_density,1340,2640,0.07575689
CWLD_aq0p5_charge_weighted_density,1341,2641,0.062380455
CWLD_aq0p5_charge_weighted_density,1342,2642,0.056519657
CWLD_aq0p5_charge_weighted_density,1343,2643,0.074280865
CWLD_aq0p5_charge_weighted_density,1344,2644,0.066852875
CWLD_aq0p5_charge_weighted_density,1345,2645,0.08295431
CWLD_aq0p5_charge_weighted_density,1346,2646,0.076407045
CWLD_aq0p5_charge_weighted_density,1347,2647,0.078114904
CWLD_aq0p5_charge_weighted_density,1348,2657,0.074998796
CWLD_aq0p5_charge_weighted_density,1349,2658,0.09026519
CWLD_aq0p5_charge_weighted_density,1350,2659,0.07974152
CWLD_aq0p5_charge_weighted_density,1351,2660,0.09437078
CWLD_aq0p5_charge_weighted_density,1352,2664,0.09022831
CWLD_aq0p5_charge_weighted_density,1353,2665,0.082916096
CWLD_aq0p5_charge_weighted_density,1354,2666,0.1115951
CWLD_aq0p5_charge_weighted_density,1355,2667,0.14645974
CWLD_aq0p5_charge_weighted_density,1356,2668,0.0719832
CWLD_aq0p5_charge_weighted_density,1357,2669,0.066362716
CWLD_aq0p5_charge_weighted_density,1358,2670,0.06494673
CWLD_aq0p5_charge_weighted_density,1359,2671,0.09007174
CWLD_aq0p5_charge_weighted_density,1360,2678,0.118559204
CWLD_aq0p5_charge_weighted_density,1361,2679,0.14755331
CWLD_aq0p5_charge_weighted_density,1362,2680,0.1426137
CWLD_aq0p5_charge_weighted_density,1363,2681,0.19516054
CWLD_aq0p5_charge_weighted_density,1364,2682,0.1741742
CWLD_aq0p5_charge_weighted_density,1365,2683,0.16624314
CWLD_aq0p5_charge_weighted_density,1366,2684,0.13168043
CWLD_aq0p5_charge_weighted_density,1367,2692,0.10051192
CWLD_aq0p5_charge_weighted_density,1368,2693,0.10711107
CWLD_aq0p5_charge_weighted_density,1369,2694,0.12044259
CWLD_aq0p5_charge_weighted_density,1370,2695,0.13239546
CWLD_aq0p5_charge_weighted_density,1371,2696,0.11349769
CWLD_aq0p5_charge_weighted_density,1372,2697,0.12465279
CWLD_aq0p5_charge_weighted_density,1373,2698,0.1448212
CWLD_aq0p5_charge_weighted_density,1374,2699,0.14196336
CWLD_aq0p5_charge_weighted_density,1375,2700,0.16571614
CWLD_aq0p5_charge_weighted_density,1376,2701,0.16427378
CWLD_aq0p5_charge_weighted_density,1377,2702,0.16929492
CWLD_aq0p5_charge_weighted_density,1378,2703,0.16513206
